REGN,OKATO,OKPO,OGRN,REGN_S,BIC,DT,NAME_B,ADR,PRIZ_P,C2_5
1,45,09807247,1027739082106,1,044525545,1/1/2016,?? ????????? ????,"119034,  ?. ??????, ????????????? ??????????, ?.9",1,23
2,40,11157058,1027800000250,2,044030869,1/1/2016,"?? ""??? ""??????""","191002 ?????-?????????, ???????????? ??. ??? 17",1,31
5,45,09808117,1027739069478,5,044583501,1/1/2016,"???? ""??????-??????"" (???)","115054,  ?. ??????, 6-? ?????????????? ???., ?. 8, ???. 1",1,31
21,05,09241840,1022500001325,21,040507717,1/1/2016,"??? ""??????????????""","690091, ?????????? ????, ?. ???????????, ??. ???????? ??????, 25",1,27
52,40,05437279,1027800001261,52,044030754,1/1/2016,"??? ""?????????????""","195027, ?????????? ?????????,  ?. ?????-?????????, ???????????? ??., ??? 2, ????. 2, ???.?",1,31
53,40,05435949,1027800000194,53,044030755,1/1/2016,"??? ???? ""???????????????""","191119, ?????-?????????, ?????????? ??., 46, ????? ?, ?????? 2",1,31
55,45,09806271,1027739270294,55,044583303,1/1/2016,"??? ??? ""????????""","109044,  ?. ??????, ??. ????????? ???, ?. 26, ???????? 2",1,23
65,65,09806207,1026600001955,65,046577768,1/1/2016,"??? ?? ""?????? ?????""","620075, ???????????? ???????, ?.????????????, ??. ????????, ?.7",1,31
67,92,09265941,1021600000289,67,049205770,1/1/2016,"??? ""??????????"" (???)","420111, ?????????? ?????????,  ?.??????, ??.???????, ?.13/52",1,23
77,45,05838400,1027700568224,77,044583125,1/1/2016,??????? ???? (???),"117105, ?. ??????, ?????????? ?????, ??? 1, ???????? 1-2",1,23
85,05,09241863,1022500001930,85,040507840,1/1/2016,"??? ?? ""?????? ????""","690106, ?????????? ????, ?.???????????, ??. ???????? ???????,3",1,23
96,32,09806360,1024200001891,96,043207720,1/1/2016,"?? ""????????????""","650000, ??????????? ???????, ?.????????, ??????????? ?????, ??.????????????, ??? ? 12",1,23
101,50,16578422,1055400000369,101,045004761,1/1/2016,"?? ""??? ????""","630099, ?. ???????????, ??. ?????????, ?.37",1,31
103,45,29313458,1027739480548,103,044525824,1/1/2016,"??? ""???""","115054,  ?. ??????, ??. ?????????, ??? 23, ???????? 2",1,23
106,60,09806526,1026100002026,106,046015860,1/1/2016,"??? ?? ""???????????""","344029, ?. ??????-??-????, ??. ???????, 102",1,27
121,45,09806868,1027739198387,121,044525514,1/1/2016,"?? ??? ""????????????""","119017,  ?. ??????, ??.?????????, ?.31/2, ???. 1",1,31
138,41,09806957,1027800004517,138,044106725,1/1/2016,"?? ""?????????""","188640, ????????????? ???????, ????? ??????????, ???????????? ????????, ??? 29",1,31
149,45,09808560,1024900000180,149-?,042908805,1/1/2016,"??? ""????????? ??????"" (???)","109147, ?.??????, ??. ????????????, ?. 20, ???. 8",1,31
153,65,09808005,1026600000602,153,046577421,1/1/2016,"?? ""??????????????""","620219, ????? ????????????, ??. ????????????, ?. 26",1,23
170,45,09808583,1025500003737,170,044583105,1/1/2016,"?? ""?? ????""","109028, ?.??????, ??????????????? ???., ?. 29",1,23
197,40,09806578,1027800001547,197,044030760,1/1/2016,"??? ""????""","194044, ?????-?????????, ????????? ???., 5",1,23
208,52,09227917,1025500000459,208,045209713,1/1/2016,"???? ""?????"" (??)","644007, ?.????, ??. ??????????, 132/134",1,23
210,45,09806561,1027739290270,210,044599457,1/1/2016,"?? ""????????-??????"" (??)","105037,  ?. ??????, ??.3-? ??????????, ?.3",1,31
212,61,09807224,1026200000111,212,046126708,1/1/2016,????-???????????? (???),"390023, ?. ??????, ??. ???????,?.82/26",1,31
226,45,09807359,1027700351106,226,044525518,1/1/2016,"?? ?? ""????????????""","115114, ?. ??????, ??. ?????????????, ?. 10, ???. 1",1,31
232,03,09808815,1102300004938,232,040396717,1/1/2016,?? ???? ????? ????,"354000, ????????????? ????, ?. ????, ??. ???????????, 14",1,27
236,45,17546329,1027739412359,236,044525728,1/1/2016,"??? ""?????????????""","109004,  ?. ??????, ??. ?????????? ???????????, ?. 12, ???. 4",1,27
249,57,09807543,1025900000048,249,045773790,1/1/2016,"??? ??? ""???? ??""","614990, ?. ?????, ??. ??????, 64",1,27
254,33,10919075,1024300000042,254,043304711,1/1/2016,"??? ?? ""??????""","610002, ?.?????, ??. ????????, ?. 40",1,31
256,45,09807336,1026900005307,256,044583911,1/1/2016,"?? ""????-????""","107078, ?. ??????, ??????? ???., ?. 5, ???. 3",1,23
272,45,09807649,1027739137535,272,044583544,1/1/2016,"??? ""???"" (??)","127422,  ?. ??????, ??.?????????????, ?.26",1,23
312,22,09809068,1025200000528,312,042202722,1/1/2016,"?? ""???????""","603155, ?.?????? ????????, ??. ??????? ????????, ?. 262",1,27
316,45,09807804,1027700280937,316,044525245,1/1/2016,"??? ""??? ????""","125040, ?. ??????, ??. ??????, ?. 8, ?????? 1",1,31
323,45,09804094,1025400001571,323,044525821,1/1/2016,"??? ""??? ????""","115172, ?. ??????, ??. ?????????????? ??????????, ?. 33, ???. 1, 3 - 6 ?????",1,31
328,40,09804148,1027800000084,328,044030861,1/1/2016,"??? ""?? ""??????""","191124, ?????-?????????, ??. ?????????, 2, ????? ?",1,31
330,63,09809080,1026400002089,330,046311755,1/1/2016,"??? ???? ""???????""","410071, ?.???????, ??.???????????, 177",1,23
354,45,09807684,1027700167110,354,044525823,1/1/2016,???? ??? (??),"117420,  ?. ??????, ??. ?????????, ?. 16, ?????? 1",1,23
356,40,09804384,1027800000183,356,044030758,1/1/2016,"??? ""????????""","195220, ?????-?????????, ??. ????????????,17, ???? 4, ????? ?",1,23
370,45,09801960,1027700412893,370,044583209,1/1/2016,"???? ""????? ??????"" (??)","123007,  ?. ??????, 2-? ?????????? ??????, ?.8",1,23
384,46,09804616,1025000006350,384-?,044583691,1/1/2016,"??? ""????"" (???)","141300, ?????????? ???????, ????????-????????? ????????????? ?????, ????????? ????????? ??????? ?????, ?. ??????? ?????, ???????? ??????? ?????, ?. 212?, ???. 1 (???. 11)",1,27
415,92,09265987,1021600000993,415,049205774,1/1/2016,"??? ???? ""?????""","420111, ?.??????, ??.???? ???????, ?.3",1,31
429,65,09809128,1026600000350,429,046577795,1/1/2016,"??? ?? ""?????""","620014, ?.????????????, ??. ????? ? ????????, ?.67",1,31
430,03,09804964,1022300000447,430,040349772,1/1/2016,"??? ""???? ????""","350080, ?. ?????????, ??. ?????????, 97",1,31
435,45,09801026,1037700041323,435,044525186,1/1/2016,"??? ""???? ??????? ????""","127006, ?. ??????, ??. ??????????????, ?. 38, ???. 1",1,31
436,40,09804728,1027800000140,436,044030790,1/1/2016,"??? ""???? ""?????-?????????""","195112, ?????-?????????, ????????????? ??., ?. 64, ???. ?",1,23
438,92,09265964,1021600000840,438,049240785,1/1/2016,"??? ""??????????""","423807, ?????????? ?????????, ?.?????????? ?????, ??. ???????????????, ?.21",1,23
444,63,09801109,1026400002265,444,046359728,1/1/2016,"?? ""????????-????""","413840, ??????????? ???????, ?.????????, ??.????? ??????????, 21",1,27
456,03,09141191,1022300002670,456,040349569,1/1/2016,"??? ""??????????"" (???)","350059, ?. ?????????, ??????????? ?????, ??. 9-?? ???, ??? ? 46?",1,31
467,03,09801322,1022300001272,467,040349808,1/1/2016,"??? ?? ""??????????????""","350059, ?. ?????????, ??????????? ??????????????? ?????, ??. ????????/??.??. ??????, ??? ?47/77",1,27
469,60,09801345,1026100008384,469,046027835,1/1/2016,"??? ""??????? ???????????? ????""","344082, ?. ??????-??-????, ??. ???????, 38/39",1,27
474,04,09144918,1022400007508,474,040407795,1/1/2016,"??? ""??????"" (???)","660075, ?. ??????????, ??. ??????????, ??? 51",1,28
478,03,20702891,1022300000502,478,040349718,1/1/2016,"?? ""??????????????""","350075, ?. ?????????, ??. ??. ???????, ??? 176",1,23
480,92,09265013,1021600000256,480,049205703,1/1/2016,"?? ""??????????""","420111, ?.??????, ??.?????????????, 18/23",1,27
481,60,09141200,1022300003021,481,046027283,1/1/2016,"??? ?? ""??????????""","344002, ?. ??????-??-????, ??. ???????????????, ?. 166 ?",1,31
485,75,09801500,1027400000110,485,047501711,1/1/2016,"??? ""??????????""","454091, ?.?????????, ??.?.??????, 80",1,31
492,60,09246045,1026100001817,492,046015804,1/1/2016,"??? ""??????????""","344068, ?. ??????-??-????, ????????????? ?-?, ??. ??????? ????????, ??? ?32?",1,31
493,75,09801575,1027400001650,493,047501779,1/1/2016,"??? ""???????????????""","454113, ?.?????????, ??.?????????, 8",1,31
503,64,09801670,1026500000141,503,046423716,1/1/2016,"??? ""?????????????""","694620, ??????????? ???????, ?. ??????, ??. ??????, 16",1,31
507,71,09801718,1028900001360,507-?,047102809,1/1/2016,"?? ???? ""???????????""","625023, ?. ??????, ??. ?????????????, 41, ????. 1/1",1,23
518,03,09306717,1022300001063,518,040349715,1/1/2016,"???? ""????????????"" (???)","350020, ?. ?????????, ??. ???????, 139",1,31
520,45,09801919,1032335000675,520,044583835,1/1/2016,"??? ?? ""?????? ?????? ????""","109028, ?.??????, ??.???????, ?.3, ???.2",1,31
524,73,09306769,1027300000166,524,047308813,1/1/2016,"?? ???? ""?????""","432071, ?. ?????????, ??. ??????, 19",1,31
533,45,09306858,1027739082425,533,044525831,1/1/2016,"?? ?? ""?????-??????""","119049,  ?. ??????, ??. ???????, ?. 4, ???. 3",1,27
537,71,09306870,1028600002100,537,047169777,1/1/2016,"?? ?? ""???????""","628616, ????????? ???????, ?????-?????????? ?????????? ?????,  ?. ?????????????, ?????. ??????, 18-?",1,31
538,45,09251548,1026400002012,538,044525771,1/1/2016,"??? ""???????????????""","119048, ?. ??????, ??. ???????, ?. 62",1,30
545,30,09275313,1024100000077,545,043002711,1/1/2016,"??? ""?????????????????????""","683024, ?????????? ????, ?.?????????????-??????????, ??-? 50 ??? ???????, ?.5",1,23
548,45,09309383,1028900000051,548,044525645,1/1/2016,"?? ""????????""","127055, ?. ??????, ????? ????????? ???, ?. 68/70, ???. 1",1,27
554,36,21291250,1026300001848,554,043601706,1/1/2016,"??? ?? ""????????????""","443099, ?.??????, ??.?????????,90",1,31
558,40,09801871,1027800000040,558,044030772,1/1/2016,"??? ???? ""?????????""","194044, ?. ?????-?????????, ??????? ?????????????? ??., ?. 4-6, ???. ?",1,31
567,50,09309443,1025400000427,567,045004815,1/1/2016,"?? ""???? ??????""","630099, ?. ???????????, ??.?????????, 14",1,27
568,45,09309454,1027400000154,568,044525122,1/1/2016,"?? ?? ""???????????""","119071, ?. ??????, ??. ??????? 2-?, ?. 10, ???. 2",1,23
574,60,09309519,1026100001982,574,046027267,1/1/2016,"??? ""??????????""","344010, ?. ??????-??-????, ??. ?????????, 233",1,27
575,45,09309526,1028600002199,575,044525738,1/1/2016,"?? ?? ""???????""","119334, ?. ??????, 5-? ??????? ??????, ?. 21?, ???. 10",1,27
588,71,09309638,1028600001792,588,047144709,1/1/2016,"??? ""????""","628400, ????????? ???., ?????-?????????? ?????????? ????? - ????, ?. ??????, ??. ???????? ????????????, 19",1,31
596,08,09271290,1022700002654,596,040813700,1/1/2016,"???? ""??????"" (??)","?????????? ?????????, 680013, ????? ?????????, ????? ????? ??????, ??? 96 ?",1,31
598,58,09243276,1026000001774,598,045853729,1/1/2016,"??? ""??????? ???? ????""","182110, ????????? ???????, ?. ??????? ????, ??. ?????????????, ?. 27-?",1,23
600,45,29323770,1027739065375,600,044525402,1/1/2016,???? ??? (??),"115201,  ?. ??????, ?????????????? ?????, ??? 2, ?????? 1, ???????? 1",1,31
604,45,09301022,1027739222246,604,044525408,1/1/2016,"??? ""?????? ??????????????"" (???)","127247,  ?. ??????, ??????????????? ???????, ?.36, ?????? 1",1,31
608,45,09309822,1027739326207,608,044525401,1/1/2016,"?? ""??????"" (??)","129327,  ?. ??????, ??. ???????, ?. 28",1,23
609,56,09309839,1125800000094,609,045655707,1/1/2016,"??? ???? ""?????????""","440000, ?. ?????, ??. ???????, 104",1,31
635,45,09307757,1027300001630,635,044525410,1/1/2016,"""??????????????????"" (???)","115114, ?. ??????, ???????? ???., ?. 8, ???. 1",1,31
646,94,09269011,1021800000090,646,049401871,1/1/2016,"??? ""?????????"" (???)","426076, ?????????? ??????????, ?.??????, ??. ??????, 30",1,31
650,45,09106059,1023200000010,650,044525214,1/1/2016,"??? ""???? ????""","101000, ?.??????, ??.?????????, ?. 35 (107061, ?. ??????, ?????????????? ???????, ??? 8 - ???????? ?????)",1,31
654,20,09111037,1023600002084,654,042007707,1/1/2016,"?? ""???? ???????""","394006, ?. ???????, ??. ???????????, 149",1,31
665,79,09143037,1020100002955,665,047908750,1/1/2016,"??? ?? ""?? ????""","385006, ?????????? ??????, ?.??????, ???. ??????????, ??? 1",1,23
680,34,09139320,1024400002978,680,043469714,1/1/2016,"??? ?? ""?????????""","156961, ?. ????????, ??-? ????, 55",1,27
685,45,09243165,1026000001983,685,044583412,1/1/2016,"??? ?? ""??????????????""","119049, ?. ??????, ????????? ???????., ?. 1, ????. 1",1,27
695,83,09128018,1020700000496,695,048327741,1/1/2016,"???? ""???????"" ???","360051, ?????????-?????????? ??????????, ?.???????, ??. ????????,77",1,23
696,53,09284341,1025600000865,696,045339827,1/1/2016,"??? ??? ""??????""","462431, ???????????? ???., ?. ????, ?????. ??????, 75?",1,31
702,53,09284542,1025600001679,702,045354814,1/1/2016,"??? ""????-????""","460000, ???????????? ???????, ?. ????????, ??. ??????, ??? 14",1,27
704,53,09284565,1025600001217,704,045354886,1/1/2016,"???? ""????"" (???)","460017, ???????????? ???????, ?. ????????, ???.????????, 7",1,31
705,65,09320752,1026600000460,705,046577756,1/1/2016,"??? ""???-????""","620026, ?.????????????,??. ?????????, 75",1,31
708,92,40654987,1021600000014,708,049205844,1/1/2016,"??? ???? ""???? ??????""","420066, ?.??????, ??.??????????, ?.1",1,23
720,41,25855470,1024700000071,720,044109722,1/1/2016,"??? ""??????-????""","188800 ????????????? ???????, ????? ??????, ????? ??????????, ??? 2",1,31
728,92,09265198,1021600002500,728,049205708,1/1/2016,"??? ""???????????????""","420097, ?????????? ?????????, ?.??????, ??.??????, ?.4",1,27
732,22,09116810,1025200000352,732,042282751,1/1/2016,"?? ?? ""??????????""","603000, ?.?????? ????????, ??.?.????????, 61",1,23
735,38,09155046,1024600001458,735,043807708,1/1/2016,"??? ""?????????????""","305000, ?.?????, ??.??????, 13",1,27
752,89,09188382,1021300001656,752,048952729,1/1/2016,"??? ?? ""????""","430005, ?.???????, ??.?.????????????, 36-?",1,23
760,14,09803019,1023100000560,760,041403701,1/1/2016,"??? ??? ""???????????????""","308000, ???????????? ???????, ?. ????????, ???????????? ????????, 73",1,31
766,40,09306321,1033501068941,766,044030807,1/1/2016,"??? ""??????-???????? 1 ?????? ????"" ???","191123, ?. ?????-?????????, ??. ????????, ?. 39, ???. ?",1,27
777,28,09131011,1026900001765,777,042809707,1/1/2016,"??? ""??????? ?????""","170100, ?.?????, ??.????????????, 34",1,31
779,07,09231190,1022600000114,779,040724712,1/1/2016,"??? ""?????""","357350, ?????????????? ????, ?????????? ?????, ??. ????????????, ??. ????????, 148",1,27
783,08,09271054,1022700000685,783,040825773,1/1/2016,"??? ""???? ?????? ????""","681000,  ??????????? ????, ?.???????????-??-?????, ??.????????????,15",1,27
784,57,09185544,1025900000488,784,045773764,1/1/2016,"??? ""?????????????"" (???)","614010, ?. ?????, ????????????? ????????, 80",1,23
793,82,49192608,1020500000443,793,048209748,1/1/2016,"??? ?? ""????? ??????""","367029, ?????????? ????????, ?.?????????, ??.?.?. ???????????, 115",1,23
804,49,09316087,1025300000175,804,044959775,1/1/2016,"(??? ""??? ""??????????"")","173004  ???????????? ???., ?.??????? ????????, ??.?????????-????????, ?.12",1,23
812,65,09253642,1026600001779,812,046577406,1/1/2016,"??? ""?????????????""","620027, ?.????????????, ??. ???????????, 2 ""?""",1,23
817,92,09265674,1021600000586,817,049205772,1/1/2016,"??? ""???????"" (???)","420032, ?.??????, ??.??????????, ?.2",1,23
826,01,09316294,1022200529537,826,040173749,1/1/2016,"??? ""?? ""?????????-????""","656037, ????????? ????, ?.???????, ??.??????, 156-?",1,27
836,73,09790127,1027300534690,836,047311818,1/1/2016,"?? ???? ""???""","433508, ??????????? ???????, ?. ????????????, ??. ?????????, ??? 4",1,23
840,79,09143050,1020100001899,840,047908700,1/1/2016,"??? ??? ""???????""","385011, ?????????? ??????,?.??????, ??.?????????, ?.4, ?????? 1",1,23
841,79,09143043,1020100002340,841,047908749,1/1/2016,"??? ""???? ????????-??????""","385301, ?????????? ??????, ?.?????????????????, ??.????, 173a",1,27
842,37,09153403,1024500000392,842,043735821,1/1/2016,"??? ?? ""?????????""","641310, ?????????? ???????, ?.??????, ??.???????, 19",1,27
843,05,09241018,1022500000786,843,040507705,1/1/2016,"??? ""??????????????? ????""","690990, ?.???????????, ??. ??????????????, 27-?",1,27
857,64,09316609,1026500538240,857,046401727,1/1/2016,"?? ""???????"" (???)","693010, ??????????? ???????, ?. ????-?????????, ??. ?????????????, 145",1,23
860,04,09144261,1022400010005,860,040407427,1/1/2016,"?? ""???????"" ???","662520, ???????????? ????, ??????????? ?-?, ?. ?????????, 5 ?? ?/? ??????????-????????????",1,31
870,17,09109299,1023300000052,870,041708708,1/1/2016,"??? ""????????????""","600020, ?.????????, ??. ??????? ?????????????, ?.9",1,31
874,83,09128115,1020700000617,874,048327765,1/1/2016,"???? ""??????????"" ???","361045, ?????????-?????????? ??????????, ?. ??????????, ??. ??????, ?. 147",1,23
875,57,09185461,1025900000510,875,045773756,1/1/2016,"??? ??? ""?????""","614000, ?. ?????,  ??. ?????????, 10",1,23
880,71,09268709,1028600001770,880,047169779,1/1/2016,"??? ???? ""????""","628684, ????????? ???., ?????-?????????? ?????????? ????? - ????, ?. ??????, ???????? ??????, 8/1",1,31
889,92,09265763,1021600000597,889,049209778,1/1/2016,"""????? ????"" (??)","420101, ?.??????, ??. ??????? ?????????, 47",1,23
901,19,09108414,1023500002404,901,041946747,1/1/2016,"?? ""??????????""","162623, ??????????? ???., ?.?????????, ??. ????????????, 57?",1,27
902,33,09136304,1024300004739,902,043304728,1/1/2016,"??? ""?????? ????""","610000, ?.?????, ??. ??????????????, 4",1,30
903,17,09109307,1023300000063,903,041708706,1/1/2016,"??? ""??????????????""","600015, ?.????????, ??-? ??????,35",1,27
912,45,09317135,1027739179160,912,044525600,1/1/2016,"??? ""???????""","115419,  ?. ??????, ??.????????????, ?.5",1,31
918,71,09268282,1028900001460,918,047102613,1/1/2016,"??? ""?????????????""","625000, ????????? ???????, ?. ??????,  ??. 8-? ?????, 1",1,31
927,24,09123046,1023700000169,927,042406707,1/1/2016,"??? ""?????"" ???","153000, ?.???????, ??.???????????, 14",1,23
930,45,09108437,1027739306638,930,044599749,1/1/2016,"??? ""????? ???????????? ????""","109028, ?. ??????, ?????????? ???????, ?.6/20, ???.2",1,23
931,63,12237925,1026400001858,931,046311751,1/1/2016,"??? ""???????""","410012, ?. ???????, ??.?????? ?.?., ?. 129",1,23
933,28,09131554,1026900000170,933,042809953,1/1/2016,"??? ""???????????????????""","172002, ???????? ???????, ?.??????, ??????? ????????, ??? 3",1,27
937,45,09251146,1026400001803,937,044525298,1/1/2016,"?? ""??????""","115280, ?. ??????, ??. ????????? ???????, ?. 19, ???. 32",1,23
963,34,09139030,1144400000425,963,043469743,1/1/2016,"??? ""??????????""","156000, ?. ????????, ??. ?????????????, ?. 46",1,31
965,65,09253317,1026600001823,965,046577402,1/1/2016,"?? ""????????????????""","623109, ???????????? ???????, ?.????????????, ??. ??????, 9 ?",1,31
969,45,09282017,1027500001100,969,044525708,1/1/2016,"??? ""??????????? ????""","123317, ?. ??????, ??????????? ??????????, ??? 8, ???????? 1",1,27
970,34,09139125,1024400003209,970,043469710,1/1/2016,"??? ?? ""????????? ????""","156000, ?. ????????, ??. ????, ?. 113",1,27
990,71,09317827,1027200000013,990,047106730,1/1/2016,"??? ?? ""??????""","625048, ????????? ???????, ?. ??????, ??. ??????? ????????, 68, ?????? 2/1",1,23
992,19,09108064,1023500000040,992,041909717,1/1/2016,"?? ""???????????""","160001, ?.???????, ??. ????, ?. 36",1,27
1000,40,00032520,1027739609391,1000,044525187,1/1/2016,???? ??? (???),"190000, ?. ?????-?????????, ??. ??????? ???????, 29",1,23
1006,80,09105806,1020280000070,1006,048073747,1/1/2016,"??? ""???????????""","450015, ?????????? ?????????, ?????????? ????????????, ?.???, ??. ?????????????, ?.43",1,23
1016,97,09286216,1022100000120,1016,049706749,1/1/2016,"""???????????? ???? ??????????"" (???)","428010, ????????? ??????????, ?.?????????, ???????????? ???????, 25""?""",1,23
1025,36,16250087,1020400000070,1025,043678859,1/1/2016,"??? ?? ""?? ????""","445037,  ????????? ???????, ?. ????????, ????? ??????, ?. 8",1,23
1027,12,09104296,1023000000210,1027,041203729,1/1/2016,??? ???????,414000 ?.????????? ??.?????? 20,1,27
1037,45,16250070,1020400000400,1037-?,044525725,1/1/2016,"??? ???? ""?????""","109044, ??????, ?.??????, ??. 1-? ??????????, ??? 1-?",1,23
1046,28,09131235,1026900001347,1046,042809992,1/1/2016,"??? ?? ""??????""","171506, ???????? ???????, ?.?????, ??.????????, ?. 19",1,23
1049,95,46224302,1021900002563,1049,049514745,1/1/2016,"??? ""????????? ????????????? ????""","655017, ?????????? ???????, ?.??????, ??.?????????, 73",1,31
1050,14,09803255,1023100000857,1050,041424725,1/1/2016,"??? ""?????????""","309511, ???????????? ???????, ?. ?????? ?????, ???. ???????????, 62",1,23
1052,45,09141558,1077711000080,1052,044525273,1/1/2016,"""???-????"" (??)","119530, ?. ??????, ?????????? ?????, ?. 32",1,23
1053,45,09107126,1027739326306,1053,044583547,1/1/2016,"?? ""?????????? ????????"" (???)","129090, ?. ??????, ??. ????????, ?. 7, ???. 4",1,31
1067,25,09125424,1023800000124,1067,042520706,1/1/2016,"??? ""????????????????""","664007, ????????? ???????, ?. ???????, ??. ??????????? ?????????, 5",1,23
1068,40,09282454,1097800006589,1068,044030885,1/1/2016,"??? ""??????? ????""","196084, ?????-?????????, ??. ????????, 5 ????. 3",1,27
1071,53,09284683,1025600006024,1071,045318806,1/1/2016,"?? ""???????"" (???)","461630, ???????????? ???., ?. ??????????, ??. ??????, 103",1,31
1084,78,09288304,1027600000185,1084,047885715,1/1/2016,"??? ?? ""??????????????""","152903, ??????????? ???????, ?.???????, ??.??????? ???????, 1?",1,23
1087,12,34411588,1023001538340,1087,041203711,1/1/2016,"??? ???? ""???""","414040, ?. ?????????, ??. ??????????????, 47",1,31
1093,67,09288250,1027600000020,1093,046711106,1/1/2016,"??? ???? ""???""","299011, ?. ???????????, ??. ????????, 10",1,31
1105,14,09803092,1063100001337,1105,041403783,1/1/2016,"?? ""?????? ????""","308009, ?. ????????, ???????? ?. ????????????, ?. 20/22",1,23
1114,22,09116282,1025200000198,1114,042227828,1/1/2016,"??? ??????? ""?????""","606008, ????????????? ???????, ?.?????????, ????? ????????, 10 - ?",1,23
1115,34,09139194,1024400003858,1115,043469720,1/1/2016,"??? ""???????????????????""","156013, ?. ????????, ??. ???????????, 36",1,23
1118,78,09116419,1025200000330,1118,047888740,1/1/2016,"??? ""?.?. ????""","150040, ?. ?????????, ??. ???????????, ?.62/30",1,27
1132,80,09105019,1020280000036,1132,048073739,1/1/2016,"??? ""?????????????""","450002,  ?.???, ??.???? ??????, ??? 42",1,27
1136,79,09143095,1020100002394,1136,047908704,1/1/2016,"?? ""??????????""","385000, ?????????? ??????, ?.??????, ??.??????????, 276",1,23
1137,83,09128121,1020700000254,1137,048327749,1/1/2016,"""???-????"", ???","360000, ?????????-?????????? ??????????, ?.???????, ??.???????, ?. 62",1,27
1139,45,09231468,1022600000158,1139,044583930,1/1/2016,"??? ""??????? ????????? ????"" (??)","125009, ?. ??????, ????? ??????? ?????????, ??? 16",1,27
1143,45,09319252,1026500000317,1143,044525900,1/1/2016,"??? ""???? ????""","127006, ?. ??????, ??. ???????? ???, ?. 5/10, ???????? 2",1,27
1144,25,39092538,1023800000069,1144,042511741,1/1/2016,"""???????? ????"" ???","665717, ????????? ???????, ?. ??????, ??. ?????????????,43",1,27
1151,29,09317783,1024000001739,1151,042908748,1/1/2016,"??? ?? ""??????""","248001, ?. ??????, ??. ????????, ?.147",1,27
1158,32,09800185,1024200001814,1158,043209740,1/1/2016,"?? ""?????????????????""","654080, ??????????? ???????, ?.???????????, ??.??????, 89 ""?""",1,31
1165,78,09288273,1027600000031,1165,047888786,1/1/2016,"??? ""????????????""","150000, ?.?????????, ??.????????????, ?.25/26",1,23
1166,22,09116299,1025200001001,1166,042202773,1/1/2016,"??? ??? ""????????????""","603009, ?.?????? ????????, ????? ?????????, 21?",1,27
1184,25,09125223,1023800000190,1184,042502710,1/1/2016,"?? ""???????????""","665451, ????????? ???????, ?. ??????-?????????, ????????????? ????????, 89",1,27
1189,45,09227873,1025500000624,1189,044599350,1/1/2016,"??? ""???? ????""","109004, ?.??????, ??????????? ???., ?. 7, ???. 1",1,31
1197,82,25171576,1020500000223,1197,048209719,1/1/2016,"??? ?? ""????????????""","368120, ?????????? ????????, ?. ????????, ??????? ??????, ?. 1.",1,23
1242,42,09156011,1024800001852,1242,044206704,1/1/2016,"??? ""?????????????""","398600, ?.??????, ??. ?????????????????, 8",1,27
1249,98,09287233,1021400000380,1249,049805709,1/1/2016,"???? ""??????"" ??","677018, ?????????? ???? (??????), ?. ??????, ??. ????????, ?. 36",1,31
1276,47,09221079,1025100001838,1276,044705709,1/1/2016,"?? ""??????? ????????""","183032, ?. ????????, ??. ??????, 14",1,31
1277,22,09116052,1025200000077,1277,042206759,1/1/2016,"???? ""???????????"" (???)","607600, ????????????? ???????, ?.?????????, ????? ??????, 185",1,23
1280,97,09286357,1022100000064,1280,049706725,1/1/2016,"??? ""???????????????????"" ???","428000, ????????? ??????????, ?.?????????, ???????? ??????????,3",1,27
1281,22,09116036,1025200000011,1281,042204757,1/1/2016,"?? ??????? ""???????""","607220, ????????????? ???????, ?.???????, ????? ??????, 33",1,23
1284,71,09286268,1022100008336,1284,047102804,1/1/2016,???? ???? (???),"625003, ?. ??????, ??. ????? ??????, ??? 61, ????. 1/2",1,31
1288,07,10245961,1022600000092,1288,040702760,1/1/2016,??? ???????????????????????,"355041, ?????????????? ????, ?.??????????, ??. ??????????????, 88?",1,31
1291,58,09243721,1026000002160,1291,045853774,1/1/2016,"??? ?? ""????????""","182110, ????????? ???????, ?. ??????? ????, ??. ?. ?????????, ?. 15",1,23
1293,65,41718732,1026600006510,1293,046577774,1/1/2016,"???? ""?????"" ???","620142, ???????????? ???????, ?. ????????????, ??. ???????, ?. 3?",1,31
1307,27,22881700,1023900000080,1307,042748701,1/1/2016,"?? ""???????????????"" (???)","236016, ?. ???????????,  ??. ??????????? , ?.83""?""",1,31
1309,93,09264195,1021700000046,1309,049304735,1/1/2016,"??? ?? ""???????? ???? ??""","667000, ?????????? ????, ?.?????, ??. ????????? ????????????, 18",1,27
1312,68,09263511,1026800000017,1312,046850755,1/1/2016,"?? ???? ""????""","392000, ?. ??????, ??. ?????????, 118",1,27
1317,45,09610355,1027739051009,1317,044525487,1/1/2016,"??? ""?????????""","123022,  ?. ??????, ??.???????????, ??? 15, ???????? 56, 4 ????",1,23
1326,45,09610444,1027700067328,1326,044525593,1/1/2016,"?? ""?????-????""","107078,  ?. ??????, ??. ????????????, ?. 27",1,31
1329,30,09275017,1024100000121,1329,043002708,1/1/2016,"?? ""????? ????""","683024, ?????????? ????, ?.?????????????-??????????, ??. ????????????, 11",1,27
1343,50,09224343,1025400000010,1343,045004850,1/1/2016,"???? ""????????????"" (???)","630054, ?. ???????????, ??. ??????????, ??? 25/1",1,31
1352,49,09223434,1025300002925,1352,044959746,1/1/2016,"??? ??? ""????????""","173003 ???????????? ???., ?. ??????? ????????, ???. ???? ?????,  ?.11",1,27
1354,35,09610705,1027700381290,1354,043510607,1/1/2016,???? ???? (???),"295000, ?????????? ????, ?.???????????, ????? ?????????? ????? 60-????? ????, ?. 34",1,27
1370,65,09253435,1026600001361,1370,046577993,1/1/2016,"??? ?? ""??????????""","620075, ???????????? ???????, ?. ????????????, ????? ?????????, ??? 83",1,27
1376,75,09278990,1027400009064,1376,047501799,1/1/2016,"???? ""??????????"" ???","456770, ??????????? ???????, ?. ????????, ??. ?????????, ?. 19",1,27
1398,80,09620276,1020200001634,1398,048073842,1/1/2016,?????????????? (???),"450076, ?????????? ????????????, ?.???, ??.??????, 54",1,31
1399,29,10844124,1024000001002,1399,042908762,1/1/2016,"??? ???? ""?????""","248000, ?. ??????, ??. ??????????, 10",1,31
1405,45,09620402,1027739149778,1405,044583676,1/1/2016,"??? ???? ""?????????????""","115162,  ?. ??????, ??. ??????, ?. 44, ???????? 12",1,31
1411,45,09620046,1027739337581,1411,044525629,1/1/2016,"???? ""????"" ???","121069,  ?. ??????, ??. ??????? ?????????, ?.49",1,31
1414,45,09620885,1027739049370,1414,044525779,1/1/2016,??? ?2? ??????? ????,"125009,  ?. ??????, ???????????? ????????, ?. 21/1, ???. 1",1,23
1439,45,09620767,1027700540680,1439,044525181,1/1/2016,"???? ""???????????"" (???)","101000,  ?. ??????, ???????? ????????, ?. 7/4, ???. 1",1,23
1441,65,09253174,1026600000063,1441,046577912,1/1/2016,"??? ?? ""???""","620026, ???????????? ???????, ?. ????????????, ??. ??????????, ?.86",1,23
1455,92,09265467,1021600000806,1455,049240748,1/1/2016,"?? ""????????????""","423831, ?????????? ?????????, ?.?????????? ?????, ????????  ?????? ??????, 43",1,31
1459,45,09620230,1025600001130,1459,044525322,1/1/2016,"??? ?? ""????????""","101000, ?. ??????, ???????? ???., ?. 13, ???. 1",1,31
1460,10,10332973,1022800000112,1460,041012718,1/1/2016,"??? ?? ""?????????""","675000,  ???????? ???., ?.????????????, ???. ????????? ??????????, 1",1,31
1470,45,09301192,1027700159288,1470,044525848,1/1/2016,"??? ??? ""?????-????""","105066, ?. ??????, ??. ?????????????, ?. 31/7, ????. 2",1,31
1478,45,09301275,1157700013250,1478,044525663,1/1/2016,"??? ?? ""????-????""","125130, ?. ??????, 6-?? ???????????????? ???., ?.4",1,23
1481,45,00032537,1027700132195,1481,044525225,1/1/2016,??? ????????,"117997,  ?. ??????, ??. ????????, ?.19",1,31
1521,45,17508783,1027739265355,1521,044525719,1/1/2016,"???? ""???????????"" (??)","119296,  ?. ??????, ????????? ????????, ?. 63/2, ?????? 1",1,31
1555,45,17526367,1027739165409,1555,044583664,1/1/2016,"???? ""????????????"" ??","119334,  ?. ??????, ????????? ????????, ??? 37, ?????? 1",1,23
1557,65,09307651,1026600001042,1557,046577781,1/1/2016,"??? ""???-????""","620014, ????????????, ??. ????????, ?.31-?/???????? ??????????, ?.11",1,31
1573,45,13243000,1027739857958,1573,044583666,1/1/2016,"??? ""??????????""","115093,  ?. ??????, ??. ???????????, ??? 86",1,31
1574,04,10163980,1022400000655,1574,040407718,1/1/2016,"??? ?? ""????""","660049. ?.??????????, ??. ??????, ?. 37, ???. 6",1,31
1581,92,09265705,1021600000146,1581,049205798,1/1/2016,"""????? ????"" (???)","420066, ?.??????, ???????? ??????????, ?.58",1,31
1586,40,11164704,1027800000172,1586,044030841,1/1/2016,"?? ?? ""??????????""","197046, ?????-?????????, ???????????? ???., 5, ???.?, ???.14?, 18?",1,23
1614,40,09233102,1020900001781,1614,044030925,1/1/2016,"?? ""?????? ????""","197198, ??????, ?????-?????????, ??????? ???????? ?.?., ?.25/2, ???.?, ???.9?",1,31
1618,45,09233272,1020900001792,1618-?,044583614,1/1/2016,"?? ""???????????"" ????","127473, ?. ??????, ??. ????????????, ?. 13, ???. 2",1,23
1623,45,20606880,1027739207462,1623,044525716,1/1/2016,??? 24 (???),"101000,  ?. ??????, ??. ?????????, ?. 35",1,31
1635,65,20611616,1036605604078,1635,046510805,1/1/2016,"?? ""?????????""","622001, ???????????? ???????, ?. ?????? ?????, ??. ??????????, 2?",1,27
1637,45,09307556,1027739296584,1637,044583685,1/1/2016,"""???-????"" (???)","125424,  ?. ??????, ????????????? ?????, ?.73",1,31
1639,45,13199517,1027739572740,1639,044525692,1/1/2016,"?? ""?????????"" ???","119049,  ?. ??????, ??.???????, ?.7, ???.3",1,27
1657,45,09307562,1037700024581,1657,044525626,1/1/2016,"?? ""????????????"" (???)","119435,  ?. ??????, ??????? ?????????? ???., ?. 2-4-6, ???. 10",1,31
1659,40,41761171,1023800000322,1659,044030904,1/1/2016,??? ???? ?????????,"190013, ?. ?????-?????????, ??. ?????????, ?. 16, ???. ?",1,31
1661,45,17528716,1027739126865,1661,044525723,1/1/2016,"??? ???? ""??????""","121019, ?. ??????, ????? ?????????? ????????, ??? 3-5/3/6, ???????? 9",1,23
1663,45,09801517,1021100000085,1663,044525899,1/1/2016,"??? ""???? ??????? ??????""","111250, ?.??????, ????? ??????????, ??? 8, ?????? 1",1,27
1671,45,17502837,1027700409791,1671,044583679,1/1/2016,"??? ?? ""??????-????""","123056,  ?. ??????, ??. ????????????, ?.13, ???.1",1,31
1673,83,09128084,1020700000826,1673,048327736,1/1/2016,"??? ""???? ""???????""","361115, ????????? - ?????????? ??????????, ?. ???????, ??. ??????, 23",1,23
1680,40,20501862,1027800000953,1680,044030882,1/1/2016,????? ???????? ??? ??,"191186, ?????-?????????, ??????? ??. ??? 12",1,23
1697,45,09308633,1027739326933,1697,044525334,1/1/2016,????? ???? (??),"119334,  ?. ??????, ?????????????? ??????, ?. 1, ???.1",1,31
1701,71,27014941,1028600002749,1701,047144704,1/1/2016,"??? ""??????? ??????""","628416, ????????? ???., ?????-?????????? ?????????? ????? - ????, ?. ??????, ??. ????????????, 11",1,31
1704,50,16570260,1025400000053,1704,045004760,1/1/2016,"??? ?? ""??????????????""","630005, ?. ???????????,  ??.?????????, ?.51",1,27
1717,45,17511213,1027700259058,1717,044583210,1/1/2016,???????? ???? (???),"123056, ?.??????, ??.?????????????, ?.26, ???.1",1,27
1720,69,09266291,1027000002446,1720,046902728,1/1/2016,"??? ""??????????????????""","634061, ????? ?????, ???????? ??????, 90",1,23
1724,45,09308188,1027739510787,1724,044525405,1/1/2016,"??? ??? ""????????""","115054,  ?. ??????, 3-? ?????????????? ???., ?.4/6, ???.1",1,23
1732,92,12963502,1021600000751,1732,049209767,1/1/2016,"?? ""?? ????""","420043, ?.??????, ??.???????????,24",1,27
1736,45,09308415,1027739186738,1736,044525325,1/1/2016,"??? ?? ""?????????""","107023,  ?. ??????, ??. ????? ???????????, ?. 1, ???. 1",1,31
1745,94,13068554,1021800001508,1745,049401814,1/1/2016,"??? ""??????????""","426008, ?????????? ??????????, ?.??????, ??.??????????,268",1,31
1747,32,22926287,1024200001792,1747,043209770,1/1/2016,"??? ""???????""","654080, ??????????? ???????, ????? ???????????, ????? ??????, ??? 69",1,27
1751,45,25094551,1107711000022,1751,044525521,1/1/2016,??? ??????????,"107023, ?. ??????, ??. ??????? ???????????,  ?. 32, ???. 1",1,31
1752,89,12925200,1021300000072,1752,048952749,1/1/2016,"????? ""?? ????"" (???)","430005, ?????????? ????????, ????? ???????, ????? ???????????????, ??? 30",1,27
1763,24,10731360,1043700028679,1763,042406705,1/1/2016,"?? ?? ""???????""","153002, ?.???????, ?????. ??????, ?. 31-?",1,31
1765,12,10393578,1023000817388,1765,041203715,1/1/2016,?? ????????,"414000 ?.????????? ??.??????, 3",1,31
1781,24,10729179,1023700001467,1781,042406701,1/1/2016,"?? ??? ""??????????""","153000, ?.???????, ??.??????, ?.13",1,27
1788,57,24046395,1025900000059,1788,045773705,1/1/2016,"?? ???? ""?????????""","614096, ?. ?????, ??. ??????, 68",1,23
1792,36,11707493,1026300001991,1792,043602975,1/1/2016,"??? ""????????? ????""","443013, ????????? ???????, ?. ??????, ??. ??????????????, ??? 42?",1,23
1809,71,21768455,1028600003497,1809,047169742,1/1/2016,"?? ???? ""?????""","628624, ????????? ???., ?????-?????????? ?????????? ????? - ????, ?. ?????????????, ??. ????, 68",1,27
1810,10,09272303,1022800000079,1810,041012765,1/1/2016,"""????????-????????????? ????"" (???)","675000, ???????? ???., ?. ????????????, ??.????????, 225",1,31
1818,60,24146116,1026100002708,1818,046014718,1/1/2016,"??? ""???-????????"" ???","346500, ?????????? ???????, ?. ?????, ??. ??????? ?????, 140",1,27
1829,45,23832312,1025600001668,1829,044583861,1/1/2016,"??? ""??????""","109240, ?. ??????, ??. ??????? ???????????, ?. 3, ???. 1",1,23
1868,45,12391939,1026800000028,1868,044583731,1/1/2016,"?? ""????????""","105064, ?. ??????, ??. ????????, ??? 27",1,31
1869,46,10253149,1022600000059,1869,044525484,1/1/2016,"??? ?? ""????????????""","141002, ?????????? ???????, ?. ??????, ??. ????????, ?. 5",1,31
1885,45,09308403,1027739553764,1885,044525341,1/1/2016,"??? ""????-????"" (??)","119021,  ?. ??????, ????????? ???????, ?.25",1,31
1896,19,10561293,1023500000655,1896,041909760,1/1/2016,"??? ""???? ""??????????""","160001 ?.???????, ??. ????????? ?. 11",1,31
1917,92,12965889,1021600003160,1917,049205789,1/1/2016,"?? ""?????? ????""","420107, ?.??????, ??.?????? ??????????, ?.8?",1,31
1920,45,17180609,1037739042912,1920,044525348,1/1/2016,"??? ""?????-????"" (??)","115184,  ?. ??????, ??. ?????????????, ?. 9, ???. 2",1,31
1926,40,25102440,1020500001170,1926,044030870,1/1/2016,"??? ?? ""???????????????""","192102, ?. ?????-?????????, ??. ??????, ?.4, ????? ?, ???.3,4  18?",1,23
1927,34,10041566,1022200525841,1927,043469751,1/1/2016,"??? ?? ""???????????? ??????""","156000, ?. ????????, ??. ?????????, 25 ?",1,31
1928,07,10253452,1022600001984,1928,040708775,1/1/2016,"??? ?? ""????-????""","357500, ?????????????? ????, ?.?????????, ???????? ????????, ??? 5-?",1,31
1942,45,09317031,1027739326010,1942,044525243,1/1/2016,"?? ""???????????""","109004, ?.??????, ??. ???????? ???, ??? 59, ???????? 2",1,31
1948,45,17530972,1027700135540,1948,044599313,1/1/2016,"??? ??? ""??????""","111024,  ?. ??????, ????? ???????????, ?. 17, ???. 1",1,23
1949,24,20515858,1083700000471,1949,042406718,1/1/2016,??? ???????????? ???? ??????????,"153000, ?. ???????, ????? ?????????, ??? 2",1,31
1957,66,12351785,1026700000073,1957,046614757,1/1/2016,"??? ""??????? ????????""","214000 ?.????????, ??.??????, 13-?",1,31
1966,22,10668259,1025200000022,1966,042202705,1/1/2016,"??? ""???-????""","603950, ?.?????? ????????, ??????? ????????, 6",1,23
1968,45,16582292,1025400001637,1968,044525526,1/1/2016,"?? ""??????? ????????? ????"" (???)","119180, ?. ??????, ??. ??????? ???????, ??? 2, ???????? 2",1,27
1971,45,12507282,1028600001880,1971,044583297,1/1/2016,"??? ""?????-?????????? ???? ????????""","119021, ?. ??????, ??. ?????? ??????, ?. 11, ???. 13",1,31
1972,92,13000543,1021600002148,1972,049202792,1/1/2016,"?? ""?????-??????"" (???)","423450, ?????????? ?????????, ?.???????????, ??.??????, 77",1,23
1973,92,12998664,1021600000366,1973,049205795,1/1/2016,"??? ""??????????????""","420081, ?.??????, ??-? ?. ?????????, ?.16?",1,23
1975,45,16249960,1020400000081,1975,044599342,1/1/2016,"??? ?? ""??????????""","125212, ?.??????, ??. ??????????, ?. 16, ????. 2",1,31
1978,45,09318941,1027739555282,1978,044525659,1/1/2016,"??? ""?????????? ????????? ????""","107045,  ?. ??????, ????? ????????, ?. 2, ???. 1",1,31
1982,45,17337293,1037739296825,1982,044525279,1/1/2016,"?? ""???"" ???","117485,  ?. ??????, ??. ???????????, ?.84/32, ???. 14",1,31
1987,45,09307496,1027739097165,1987,044525832,1/1/2016,"??? ""???""","125167,  ?. ??????, ????????????? ????????, ?. 37, ????.12",1,23
2015,01,20986262,1022200525819,2015,040173745,1/1/2016,"""??????????"" ???","656038, ????????? ????, ?.???????, ??.?.??????, 1",1,23
2027,45,16937128,1021100000393,2027,044525775,1/1/2016,"?? ""???????"" (???)","123557, ?. ??????, ????????????? ????????, ?. 3/10, ???. 1",1,23
2034,45,12391945,1027739058720,2034,044583963,1/1/2016,"???? ""?????? ??????"" (??)","119071,  ?. ??????, ??. ????????????, ?. 10",1,31
2035,45,16260171,1020900001770,2035,044599527,1/1/2016,"??? ??? ""???""","127051, ?. ??????, ????? ???????? ???.,  ?. 11-13, ???. 1",1,23
2048,22,10658812,1025200001254,2048,042204721,1/1/2016,"??? ""???????????????""","607189, ????????????? ???????, ?.?????, ????? ???????, 13",1,31
2053,70,12467269,1027100000014,2053,047003725,1/1/2016,"??? ""??????????""","300012, ???????? ???????, ?.????, ??.??????, 85?",1,31
2055,45,09307450,1027739824881,2055,044583893,1/1/2016,???? ???? (??),"125195,  ?. ??????, ??. ????????????? ?????, ??? 59",1,27
2063,45,21417572,1022200526061,2063,044525074,1/1/2016,"?? ?? ""???????""","107140, ?. ??????, ??. ?????? ??????????????, ?. 5, ???. 5",1,23
2065,61,12208964,1026200004060,2065,046126744,1/1/2016,"??? ""??? ??. ?. ??????""","390000, ?. ??????,  ??. ????????, ?. 64",1,27
2070,92,27889467,1151600000100,2070,049205919,1/1/2016,"??? ""?????????""","420126, ?.??????, ??.?????? ????????, ?.15",1,23
2073,45,25095585,1020500000510,2073,044525536,1/1/2016,"??? ???? ""????""","105062, ?. ??????, ????????????  ???, ?. 17",1,27
2085,32,16374100,1024200685948,2085,043207780,1/1/2016,"??? ?? ""??????""","650070, ??????????? ???????, ?. ????????, ??. ??????????, ?. 5",1,23
2093,18,22360041,1023400000964,2093,041806791,1/1/2016,"??? ?? ""?????????""","400066, ?.?????????, ??.??.????????, ?.7",1,27
2103,30,10874390,1024100000165,2103,043002717,1/1/2016,"""????????????? ????????????????"" (??)","683032, ?????????? ????, ?.?????????????-??????????, ??. ???????????, 19",1,27
2110,45,17504207,1027739250285,2110,044525275,1/1/2016,"??? ""????????"" (??)","123100,  ?. ??????, ????????????????? ??????????, ?.14",1,23
2119,45,17507909,1027739176080,2119,044525268,1/1/2016,"??? ??? ""????-????""","117218, ?. ??????, ??. ??????????????, ?. 21/33, ????. 1",1,27
2123,69,24635252,1027000000059,2123,046902727,1/1/2016,"??? ""??????????????""","634009, ?. ?????, ???. ???????, 2?",1,27
2136,45,17546341,1027700523718,2136,044525443,1/1/2016,"?? ""?????????-????"" (???)","101000,  ?. ??????, ??. ?????????, ??? 46, ???.1",1,27
2145,46,17531316,1025000002411,2145,044599780,1/1/2016,"??? ""?????????"" (??)","141200, ?????????? ???????, ?. ???????, ??????????? ??????, ? 7",1,23
2148,18,22498791,1023400000271,2148,041806799,1/1/2016,"?? ""??? ""???""","400087, ?. ?????????, ??. ???????, 3",1,23
2152,40,23530918,1027800000403,2152,044030724,1/1/2016,"??? ""????????????????????""","191040, ?. ?????-?????????, ??. ??????, 36-38, ????? ?",1,23
2156,45,17507529,1027739345281,2156,044525315,1/1/2016,"?? ""?????????????""","123001,  ?. ??????, ????????? ???., ?.19/20, ???.1",1,23
2157,45,17508352,1027739174759,2157,044525549,1/1/2016,"??? ""???????????"" (???)","107045,  ?. ??????, ????????? ????????, ?.24",1,27
2166,45,17528320,1027739738135,2166,044525249,1/1/2016,"?? ""??????????????"" (???)","109012, ?. ??????, ??. ??????????, ?.19-21/1",1,23
2167,45,21783124,1022300000051,2167,044525244,1/1/2016,"??? ""???? ??????????????""","115035, ?. ??????, ??????????? ??????????, ?. 32/2, ???. 1",1,23
2168,45,24387587,1027739664260,2168,044525811,1/1/2016,"""??????? ????"" ???","125040, ?. ??????, ??. ??????, ?. 26",1,23
2170,45,29296062,1027700458224,2170,044525933,1/1/2016,"??? ""??????"" (??)","117036, ?. ??????, ?????. 60-????? ???????, 10 ?",1,31
2207,92,13000065,1021600000421,2207,049205858,1/1/2016,"??? ""?????"" (???)","420107, ?.??????, ??.?????????????, ??? 2",1,23
2208,53,11921234,1025600000854,2208,045354860,1/1/2016,"??? ""????????"" (??)","460001, ???????????? ???????, ?. ????????, ??. ???????, 35/1",1,23
2209,45,17526887,1027739019208,2209,044525985,1/1/2016,"??? ???? ""?? ????????""","115114, ?. ??????, ??. ????????????, ?.2, ???.4",1,31
2210,45,26237308,1027739186970,2210,044525388,1/1/2016,??? ???? ???,"109147,  ?. ??????, ??.????????????, ?.27/35",1,31
2211,45,24153783,1027739136622,2211,044525783,1/1/2016,"?? ""???"" (??)","105062, ?. ??????, ???. ????????????, ?. 30, ???. 3",1,27
2216,45,17512023,1027739177377,2216,044525922,1/1/2016,"?? ""???? ??????""","101000,  ?. ??????, ?????????????? ???., ?. 2",1,27
2225,60,27210292,1026100001949,2225,046015762,1/1/2016,"??? ?? ""?????-??????""","344000, ?. ??????-??-????, ??. ????????, 62",1,31
2228,40,23047820,1027800000470,2228,044106770,1/1/2016,"??? ??? ""????????-????""","190000, ?????-?????????, ??. ??????? ???????, ?.55, ?????? ""?""",1,31
2241,45,22316525,1027739328440,2241,044525416,1/1/2016,???? ???? (??),"123001, ?. ??????, ??. ????????????, ?. 4, ???. 2",1,31
2244,52,23807805,1025500000635,2244,045279786,1/1/2016,"?? ""?????-????""","644043, ????? ????, ????? ??????, ??? 54",1,31
2245,45,17520519,1027739019373,2245,044583469,1/1/2016,"?? ?? ""??????""","123317,  ?. ??????, ????????????????? ???????, ?.7, ???.1",1,23
2248,45,32981436,1037700221635,2248,044525164,1/1/2016,????? ???? (???),"129090, ?. ??????, ??????????? ???., ?. 30 ????. 1",1,29
2249,91,24446255,1020900001902,2249,049133834,1/1/2016,"?? ""???????? ????""","369000, ?????????-?????????? ??????????, ?. ????????, ????? ????? ??????, ??? 31?",1,23
2252,45,09316868,1027739463300,2252,044583131,1/1/2016,"??? ""??????-????"" (??)","125047,  ?. ??????, ??. ??????, ?.2, ???.1",1,23
2254,45,17515168,1077711000014,2254,044583625,1/1/2016,"???? ""????????? ????"" ??","115054,  ?. ??????, ??. ????? ??????????, ?. 37, ???.1",1,23
2258,45,17515524,1027739075407,2258,044525568,1/1/2016,"??? ""????????????"" ???","111033, ?. ??????, ??. ????????????, ?. 9, ???. 9",1,23
2267,82,25091239,1020500001103,2267,048209755,1/1/2016,"??? ??? ""??????""","367025, ?????????? ????????, ?. ?????????, ??. ???????, ?.56",1,31
2268,45,17516067,1027739053704,2268,044525232,1/1/2016,"??? ""???-????""","115432,  ?. ??????, ???????? ?????????, ?. 18, ????.1",1,31
2269,45,17529377,1027739047181,2269,044525424,1/1/2016,"?? ""?????-????"" (???)","125047, ?. ??????, ??. 2-?? ?????????, ?. 30",1,31
2270,45,17531233,1027739495420,2270,044525293,1/1/2016,"??? ""??? ????""","109240, ?. ??????, ??. ????????????, ?. 7/8",1,31
2271,24,26482634,1023700007407,2271,042406738,1/1/2016,"??? ""????????"" (???)","153000, ?.???????, ??.?????????????, ?.53",1,27
2272,45,17522115,1027739460737,2272,044525256,1/1/2016,??? ???????,"107078,  ?. ??????, ??. ???? ??????????, ?. 34",1,23
2285,60,24185062,1026103273382,2285,046015761,1/1/2016,"??? ""???????????""","344082, ?. ??????-??-????, ??. ???????, 36?",1,31
2299,45,17526516,1027739224160,2299,044525784,1/1/2016,"??? ""???"" (??)","123242,  ?. ??????, ??.????? ??????????, ?.10 ???.1",1,23
2304,40,27456165,1027800000315,2304,044030877,1/1/2016,"???? ""???????????"" (???)","191123 ?????-?????????, ??. ????????, 39",1,23
2306,45,17527415,1027700024560,2306,044525976,1/1/2016,"??? ""??????? ????"" (???)","127051,  ?. ??????, ??????? ???????, ?. 18",1,27
2307,45,17534194,1027739447922,2307,044525148,1/1/2016,???? ???? (??),"127055, ?. ??????, ??. ?????????, ?. 27, ???. 1",1,23
2309,45,17537626,1027739857551,2309,044525213,1/1/2016,"??? ""???? ?? ?????"" (??)","129110,  ?. ??????, ???????? ????, ?.72",1,23
2312,45,17525770,1037739527077,2312,044583266,1/1/2016,"??? ""?????????? ???????"" (???)","121069,  ?. ??????, ??.??????? ??????????, ?.21?",1,31
2313,45,17530475,1027739081930,2313,044525294,1/1/2016,"?? ??? ""?????????""","119121,  ?. ??????, ??.???????, ?.10, ???.1",1,23
2316,36,21182608,1026300002244,2316,043601863,1/1/2016,"?? ??? ""???????""","443100, ?.??????, ??.?????????????????, ?.224",1,31
2347,45,17529288,1027739881091,2347,044525931,1/1/2016,"??? ?? ""???????""","123610,  ?. ??????, ????????????????? ???., ??? 12",1,23
2364,75,32542275,1027400001166,2364,047501751,1/1/2016,"???? ""??????"" (??)","454090, ?.?????????, ??.?????, ?.64 ""?""",1,27
2368,45,20921624,1026000001796,2368,044525801,1/1/2016,"?????????????? ???? ""?????"" (???)","119071, ?. ??????, ????????? ????????, ?. 15?",1,23
2374,45,17529808,1027739461694,2374,044525182,1/1/2016,"?? ""??????""","115054, ?. ??????, ??. ???????????, ?. 57, ???. 1",1,23
2388,01,27068718,1022200526446,2388,040173725,1/1/2016,"??? ""???????????-????"" (???)","656049, ?. ???????, ?????. ??????, 43",1,27
2390,64,27594329,1026500002286,2390,046401772,1/1/2016,"???? ""??????"" (???)","693000, ??????????? ???????, ?. ????-?????????, ???????????????? ????????, 32",1,23
2398,19,26781450,1022900001772,2398,041909769,1/1/2016,"?? ?? ""???????? ??????""","160000, ??????????? ???????, ?. ???????, ??. ???????, ?. 27",1,27
2402,45,09610839,1027700565970,2402,044525204,1/1/2016,"?? ??? ""?????????? ??????????""","121099,  ?. ??????, ??. ????? ?????, 29",1,23
2403,45,04879035,1027739137843,2403,044525226,1/1/2016,"???? ""???-???????"" (??)","115446,  ?. ??????, ??????????? ??????, ?. 14",1,23
2404,45,17534059,1037700043732,2404,044525238,1/1/2016,"??? ""???????"" (???)","125047,  ?. ??????, 2-? ????????-?????? ?????, ??? 2",1,31
2407,82,25127339,1020500003941,2407,048209775,1/1/2016,"??? ?? ""??? ????""","368502, ?????????? ????????, ?. ????????, ??. ???????????, 139 ""?""",1,23
2410,45,17539329,1027700136408,2410,044599133,1/1/2016,"??? ?? ""???-????""","119017,  ?. ??????, ??. ??????? ???????, ?. 37/4, ???. 1",1,23
2433,45,17540261,1037739297881,2433,044525173,1/1/2016,"??? ""??????????????"" (???)","101000, ??????, ??. ?????????, ?. 9/2, ???. 1",1,23
2435,82,25127322,1020500000267,2435-?,048209870,1/1/2016,"??? ???? ""????""","368000, ?????????? ????????, ?.????????, ??.????????, 4.",1,22
2438,45,17535975,1027739050833,2438,044525473,1/1/2016,"??? ""??????"" (???)","115184,  ?. ??????, ??. ?????????, ?. 10, ???.1",1,31
2440,45,17535627,1027700218666,2440,044525176,1/1/2016,"??? ??? ""????????????????""","119180, ?. ??????, ??. ??????? ???????, ?. 47, ???????? 2",1,31
2443,65,25054072,1026600000195,2443,046577881,1/1/2016,"??? ""??????????""","623406, ???????????? ???., ?. ???????-?????????, ??. ???????????, 36",1,27
2468,45,17541800,1027700429855,2468,044583772,1/1/2016,"??? ""???????????"" (??)","115035, ?. ??????, ???????? ???., ?. 22, ???. 2",1,27
2472,45,17536845,1027739045025,2472,044525556,1/1/2016,"??? ""????"" (??)","105005,  ?. ??????, ??. ??????????, ?. 58/25, ???????? 1",1,23
2484,86,24855427,1021000000108,2484,048602746,1/1/2016,"??? ???? ""?????""","185035, ?????????? ???????, ?. ????????????, ??. ?. ??????, ?.1",1,27
2490,35,17539789,1137711000074,2490,044525382,1/1/2016,"?? ""???????""","295011, ?????????? ????, ?. ???????????, ??. ???????????????, ?. 13",1,31
2491,82,25127411,1020500000157,2491,048209797,1/1/2016,"??? ?? ""?????""","367013, ?????????? ????????, ?.?????????, ??.???????, 38",1,23
2493,45,17537224,1027739067696,2493,044525895,1/1/2016,"??? ""?? ""????????????""","127055,  ?. ??????, ??. ?????????, ?. 7",1,31
2494,45,29291308,1027739526935,2494,044525236,1/1/2016,"??? ""???? ?????? ????? (??????)""","125009,  ?. ??????, ???????  ????????,  ?. 4, ???. 2",1,23
2495,45,17541355,1027739329375,2495,044525222,1/1/2016,??? ???? (???????) ??,"127473,  ?. ??????, ??. ??????????????????, ?. 36",1,23
2499,25,27268481,1023800000245,2499,042520840,1/1/2016,"??? ""?????-????""","664007, ????????? ???????, ?. ???????, ??.????????????,29",1,23
2506,45,17538910,1027700140753,2506,044525739,1/1/2016,"??? ""???? ?????""","121609,  ?. ??????, ?. ??????????, ?. 28",1,31
2507,36,21217985,1026300001881,2507,043678838,1/1/2016,"?? ""???????????????""","445009, ????????? ???., ?.????????, ??.????????, 96",1,23
2518,03,32293624,1022300003703,2518,040349722,1/1/2016,"?? ""?????? ??????"" ???","350000, ?. ?????????, ??. ??. ????????????, ??? ? 46 / ??. ???????????????, ???  ? 32",1,27
2519,80,31233726,1020200000402,2519,048073809,1/1/2016,"??? ""???????????????""","450071, ????? ???, ????? ?????????, ??? ? 10",1,27
2524,45,21887160,1027700053776,2524,044525319,1/1/2016,"?? ""???"" (???)","115280, ?. ??????, ?????????? ????????, ?. 2/3, ???????? ?1,2",1,27
2529,89,27800243,1021300001029,2529,048952752,1/1/2016,"??? ""????? ????"" (???)","430005, ?.???????, ??.????????????????, 52",1,27
2530,40,31044988,1027800000942,2530,044030889,1/1/2016,"??? ""????-????""","197376, ?????-?????????, ??. ?????????? ??????, ?. 23",1,23
2534,45,23618116,1025480001073,2534,044525732,1/1/2016,"??? ?? ""??????!""","125195, ?. ??????, ??. ???????????, ?. 6?",1,31
2537,45,17543756,1027739700548,2537,044525652,1/1/2016,"?? ""?????? ??????? ????"", ??","123022,  ?. ??????, ?. ????????????? ????????, ?.22",1,27
2542,36,42530114,1026300001980,2542,043678929,1/1/2016,"?? ""???-????""","445037, ????????? ???., ?. ????????,  ????? ??????, ?.8",1,31
2543,45,17543992,1027739076144,2543,044525198,1/1/2016,?? ??? (???),"109004, ?. ??????, ??. ?????????, ??? 15, ???????? 1",1,31
2546,45,17541272,1027739075891,2546,044583162,1/1/2016,"?? ??? ""???????????""","119180,  ?. ??????, ?????????? ???., ?. 4/4 ???. 2",1,23
2547,60,31651866,1026103270214,2547,046015728,1/1/2016,"??? ??? ""???????????""","344011, ?. ??????-??-????, ???. ?????????????, 70 ""?""",1,27
2551,40,31029552,1027800000227,2551,044030852,1/1/2016,"?? ???? ""????""","191123, ?????-?????????, ??. ?????????, 42",1,31
2554,92,13001900,1021600000047,2554,049240801,1/1/2016,"??? ?? ""??????? ????????""","423834, ?????????? ?????????, ?.?????????? ?????, ?????????? ????????, ?.120",1,31
2555,45,29294732,1027739068609,2555,044525448,1/1/2016,"??? ""??? ????? ???? ??????"" (??)","115172,  ?. ??????, ????????? ???., ?.1, ???.2",1,23
2557,45,29034830,1027700431296,2557,044525202,1/1/2016,"?? ?? ""????????""","125047,  ?. ??????, ??. ??????, ?. 8-10, ???. 1",1,23
2559,45,29287815,1037739412700,2559,044525116,1/1/2016,"""??????? (??????)"" (??)","109147,  ?. ??????, ??.????????????, ?.16",1,23
2562,45,17543549,1027700159442,2562,044525205,1/1/2016,"??? ""???????""","109004,  ?. ??????, ??????????? ????????, ?. 3",1,31
2564,78,21666973,1027600000075,2564,047888728,1/1/2016,"???? ""???????????"" (???)","150000, ?.?????????, ??.????????, ?.30",1,27
2568,37,28968878,1024500000029,2568,043735830,1/1/2016,"???? ""??????"" ???","640000, ?.??????, ??.??????, ??? ? 78",1,27
2571,45,17543398,1027739320003,2571,044583647,1/1/2016,"""?????????"" ???","107023,  ?. ??????, ??. ??????? ???????????, ??? 32, ???????? 1",1,23
2574,45,17546424,1027739153573,2574,044525583,1/1/2016,???? ??? (???),"123557, ?. ??????, ??. ??????????, ?. 21, ???. 1",1,23
2576,45,17544201,1037739429320,2576,044525109,1/1/2016,"?? ""??????-??????"" (??)","127051, ?. ??????, 1-?? ??????????? ????????, ?. 23",1,23
2584,75,21553996,1027400000638,2584,047516949,1/1/2016,"???? ""???"" (??)","455044, ??????????? ???????, ?.????????????, ??.????????, 17",1,31
2587,92,13001981,1021600000839,2587,049240803,1/1/2016,"??? ""???????""","423818, ?????????? ?????????, ?.?????????? ?????, ??.????, ?.88?",1,27
2590,92,13001745,1021600000124,2590,049205805,1/1/2016,"??? ""?? ????"" ????","420066, ?.??????, ??.???????????,1",1,27
2593,45,17226837,1025000004787,2593,044583288,1/1/2016,"??? ?? ""????? ??????""","119019, ?. ??????, ??????????? ??????????, ?. 1, ???. 2",1,23
2594,45,29284722,1027739446349,2594,044525217,1/1/2016,"""??????????? ???? ?????????"" ???","125009,  ?. ??????, ??. ??????? ?????????, ?. 17, ???. 1",1,23
2602,98,31452865,1031403918138,2602,049805770,1/1/2016,"??? ""???????????????"" ??","677000, ?????????? ???? (??????), ?????. ??????, ???????? ??????, 1",1,27
2605,45,17547180,1037739737408,2605-?,044525778,1/1/2016,"??? ""???? ""????""","109004,  ?. ??????, ??????? ???????? ???., ?.8, ???.1",1,23
2607,45,29294382,1027739175859,2607,044525773,1/1/2016,"?? ""??????-????""","123557,  ?. ??????, ??????????? ???, ?. 27",1,23
2609,52,23773638,1025500001163,2609,045279731,1/1/2016,"??? ??? ""?? ????""","644024, ????? ????, ????? ???????, ??? 7",1,27
2611,40,31978076,1027800003505,2611,044030826,1/1/2016,"??? ???? ""???????????? ???????""","195220, ?????-?????????, ??. ????????, ?. 21, ????. 2, ???. ?",1,23
2620,45,29285242,1027739530785,2620,044525169,1/1/2016,"?? ?? ""???-????""","115184, ?. ??????, ??. ??????? ???????, ?. 59, ???????? 2",1,23
2632,81,31616551,1020300003460,2632,048142736,1/1/2016,"??? ?? ""??????????""","670034, ?????????? ???????, ?. ????-???, ??.???????????????,28",1,31
2638,80,32058509,1020200000083,2638,048073846,1/1/2016,???? ??? (???),"450008 , ?????????? ????????????, ?. ???, ??.??????, 70",1,31
2645,04,21904444,1022400000160,2645,040485666,1/1/2016,"?? ???? ""?????????? ???????????? ????""","660049, ?. ??????????, ??. ????? ??????, ??? 62, ???. 25, 26, 27",1,27
2646,45,29275261,1027739259360,2646,044525283,1/1/2016,?? ???? ???,"101000,  ?. ??????, ??????????? ???., ?. 2",1,31
2647,45,29039419,1027739278610,2647,044583104,1/1/2016,?? ???? ????????? ? ????????,"105318,  ?. ??????, ??.???????, ??? 11, ???.1",1,27
2649,45,29287596,1027700215817,2649,044583871,1/1/2016,"??? ?? ""???????????""","121596,  ?. ??????, ??.?????????, ?.10, ????.2.",1,31
2650,84,16251365,1020400000059,2650,048405718,1/1/2016,"??? ""????????"" (??)","649000, ?????????? ?????, ?.?????-???????, ??.????????????????, 26",1,23
2654,45,21293615,1027739197914,2654,044525423,1/1/2016,"?? ""??????"" ??","127051, ?. ??????, 1-?? ??????????? ????????, ??? 11",1,23
2655,45,29287152,1027739735100,2655,044525491,1/1/2016,??? ??? ????,"121099,  ?. ??????, ????????? ???????, ??? 3 ???. 1",1,23
2659,01,32237844,1022200531484,2659,040173771,1/1/2016,"??? ?? ""????????????????""","656043, ????????? ????, ?.???????, ??.?.????????, 38?",1,23
2664,45,29289903,1027739228758,2664,044525318,1/1/2016,"??? ""??????"" (??)","117292, ?. ??????, ??. ???????, ?. 5?",1,23
2670,45,29288039,1027700474944,2670,044525191,1/1/2016,"??? ?? ""??????????-??????????? ????""","105066,  ?. ??????, ??. ??????????, ??? 16, ???.5-5?",1,23
2672,78,25136083,1020500000168,2672,047888750,1/1/2016,"??? ?? ""???????????-??????""","152020, ??????????? ???????, ?. ??????????-?????????, ??. ?????????????, 1-?",1,23
2673,45,29290881,1027739642281,2673,044583974,1/1/2016,"?? ""???????? ????""","123060, ?. ??????, 1-? ????????????? ??????, ??? 10, ???.1",1,23
2677,45,29288571,1027739542709,2677,044525190,1/1/2016,???? ???? (???),"119017, ?. ??????, ??. ?????????, ?. 42",1,31
2682,46,29289286,1027739621810,2682,044525881,1/1/2016,"?? ""??????-????"" (???)","143402, ?????????? ???????, ????????????? ?????, ?. ???????????, ??. ?????????????, ?. 18",1,31
2684,45,29289642,1027739542050,2684,044525215,1/1/2016,"??? ""???? ???""","119180,  ?. ??????, ??. ??????? ???????, ?. 2/10, ???. 1",1,27
2688,82,25140558,1020500000531,2688-?,048209860,1/1/2016,"??? ""???????"" ???","367008, ?????????? ????????, ?.?????????, ??.????????, 65.",1,23
2696,45,29402558,1027700050510,2696,044525124,1/1/2016,"??? ""??????????"" (???)","123001,  ?. ??????, ???????????? ???., ?.5, ???.2",1,23
2697,45,29412781,1027739481362,2697,044525262,1/1/2016,"??? ""?????????? ?????????? ????"" (??)","127238, ?. ??????, ?????????? ??????, ?. 10",1,31
2704,45,29290740,1027739378600,2704,044525541,1/1/2016,"?? ""????????????? ???? ????????"" (??)","123022, ?. ??????, ????? ???????????, ??? 14, ???????? 1",1,23
2705,92,33863696,1081600001097,2705,049205804,1/1/2016,"??? ""?????????""","420021, ?.??????, ??.??????????? ????????, ?.24",1,31
2707,45,29393440,1057711014195,2707,044525161,1/1/2016,"?? ""????-????"" (??)","111250, ?. ??????, ??. ????????????, ?. 14",1,31
2721,87,12893032,1021100000074,2721,048702781,1/1/2016,"""???????? ???????? ????"" (???)","167000, ?????????? ????, ?.?????????, ??.????????????, 68",1,27
2722,47,22619935,1025100003917,2722,044705768,1/1/2016,"???? ""????"" (???)","183032, ?. ????????, ??. ??????, ?. 12",1,23
2726,45,11538464,1037739616122,2726-?,044525299,1/1/2016,"??? ""??? ""??????? ????? ?? ??????""","125171,  ?. ??????, ????????????? ?????, ?. 16?, ???????? 1",1,23
2728,19,22779691,1023500000028,2728,041909772,1/1/2016,"?? ""??????????????""","160009 ?. ???????, ??. ??????, ?. 30",1,27
2729,91,33480073,1020900001946,2729,049133812,1/1/2016,"??? ?? ""????????""","369000,  ?????????-?????????? ??????????, ?.????????, ??. ???????????????, 64",1,31
2731,25,33275404,1023800000047,2731,042520849,1/1/2016,"??? ""???????????????????""","664025, ????????? ???????, ?. ???????, ??. ???????, 2",1,31
2733,05,33618850,1022500001061,2733,040507803,1/1/2016,"??? ??? ???????? ""???????????""","690106 ?????????? ???? ?.??????????? ???????????? ????????, 44",1,27
2738,45,29292006,1027739120199,2738,044583675,1/1/2016,"??? ""???????"" ???","119435,  ?. ??????, ??????? ?????????? ????????, ?. 2, ???. 9",1,23
2748,45,29292940,1027700159497,2748,044525219,1/1/2016,"??? ""???? ??????""","107996, ?. ??????, ??. ????????????, 8/15, ???. 3",1,31
2749,45,29293224,1027739588205,2749-?,044583793,1/1/2016,"??? ???? ""???""","119146,  ?. ??????, ??????????? ???.,  ?. 24/1",1,23
2755,45,29465091,1027739028536,2755,044525278,1/1/2016,"?? ""?? ????""","125047,  ?. ??????, ???????? ???????, ?. 2",1,23
2756,91,33479064,1020900001968,2756,049133845,1/1/2016,"??? ??? ""????????""","369000,  ?????????-?????????? ??????????, ?. ????????, ??. ??????????, 99",1,23
2758,40,34336540,1027800001240,2758,044030845,1/1/2016,"???? ""????? ??????"" (??)","197374, ?????-?????????, ??.?????????, ?.126, ????? ?, ????? ?1 ????????? ?71-?",1,31
2763,45,29293553,1027739543182,2763,044583267,1/1/2016,"??? ""??????????????"" (???)","115054, ?. ??????, ??. ???????????, ?. 45",1,23
2764,45,29293916,1027739282581,2764,044525166,1/1/2016,"??? ""?????-????""","127473,  ?. ??????, 1-? ?????????? ???., ?. 10",1,31
2766,45,29293885,1027739176563,2766,044525311,1/1/2016,"?? ""??? ????""","125171, ?. ??????, ????????????? ?????, ?. 16 ?, ???.1",1,31
2767,45,29295677,1027700067394,2767,044525857,1/1/2016,"??? ?? ""???????????""","123056,  ?. ??????, ??. ?????????????, ??? 26, ???????? 2",1,27
2768,45,29294100,1027739267390,2768,044525907,1/1/2016,"??? ""???"" (??)","127055,  ?. ??????, ??.?????????, ?.16, ???.3",1,23
2769,45,29294643,1027700427864,2769,044525580,1/1/2016,"??? ?? ""????????????""","123001, ?. ??????, ????????? ???., ??? 18, ???????? 1",1,23
2771,45,29296174,1027739930998,2771,044525230,1/1/2016,"?? ""????????? ????"" (???)","127473,  ?. ??????, ??????????? ??., ?. 1",1,31
2772,03,32350782,1022300001811,2772,040349966,1/1/2016,"??? ""??-??????????""","350000, ?. ?????????, ??. ???????, 113",1,23
2776,45,29294134,1027739408290,2776,044599244,1/1/2016,"??? ""???"" ????","111250, ?. ??????, ??. ?????????????????, ?. 10",1,31
2789,45,29418720,1027739094250,2789,044525490,1/1/2016,?? ?? ???? ???,"117485, ?. ??????, ??. ????????, ??? 30/1, ???????? 2",1,23
2790,45,29296990,1027739109133,2790-?,044525192,1/1/2016,?? ????????????,"123610,  ?. ??????, ????????????????? ??????????, ??? 12",1,27
2796,61,34461327,1026200000386,2796,046126701,1/1/2016,"???? ""?????"" (???)","390046, ?. ??????, ??.??????????, ?.110",1,23
2798,45,29058032,1127711000010,2798,044525137,1/1/2016,???? ????????????? ???? (??),"125252, ?. ??????, ??. ???????, ?. 13, ????. 1",1,27
2799,45,29054301,1037739001046,2799,044583604,1/1/2016,"?? ""???? ?????""","127006,  ?. ??????, ????????????? ????????, ??? 7, ???????? 2",1,31
2801,45,29295418,1027739199355,2801,044525563,1/1/2016,"??? ""?????????"" (???)","119435, ?. ??????, ??????? ?????????? ????????, ??? 12, ???????? 11",1,31
2802,88,34003547,1021200004748,2802,048860889,1/1/2016,"???? ""??????-???"" (???)","424006, ?????????? ????? ??, ?.??????-???, ??. ?????????, ?.39 ?",1,23
2803,45,29295750,1037744002251,2803,044525152,1/1/2016,"??? ""?????????????"" (???)","109028,  ?. ??????, ??????????????? ????????, ??? 3, ???????? 1",1,31
2807,45,17667493,1027739582089,2807,044525326,1/1/2016,"??? ""??????????????"" (??)","115093,  ?. ??????, ??. ???????????, ?. 94.",1,23
2813,45,34120514,1026100002092,2813,044583744,1/1/2016,"?? ?? ""??????""","127055, ?. ??????, ??. ??????????, ?. 20",1,31
2816,19,34236369,1023500000160,2816,041909786,1/1/2016,"??? ""???? ???""","160001 ?.???????, ??. ?????????????? ?. 3",1,23
2827,45,29296665,1067711004360,2827,044525384,1/1/2016,"?? ""??????? ????????? ?????""","127299,  ?. ??????, ??.?????????? ???????, ?.14",1,31
2829,45,29297268,1037711002581,2829,044583361,1/1/2016,"?? ""?????????""","123056,  ?. ??????, ??.??????, ?.9, ???.1, ????. 4",1,23
2830,45,29296783,1027739247227,2830,044525901,1/1/2016,"?? ?? ""???????????""","119002,  ?. ??????, ????? ?????, ??? 43, ???????? 3",1,27
2837,46,29060388,1027739554743,2837,044525113,1/1/2016,"??? ?? ""??????????????""","143026, ?????????? ???????, ??????????? ?????, ??????? ??????? ??????????????, ????????? ?????, ???????? 165",1,31
2838,45,29296820,1027739563610,2838,044583320,1/1/2016,"??? ?? ""?????-????""","107045,  ?. ??????, ????????? ????????, ?.11, ???.1",1,23
2842,45,29055884,1037739314348,2842,044525280,1/1/2016,"?? ""????"" (???)","119021,  ?. ??????, ??. ?????? ??????, ?. 11, ???????? 60 ?",1,27
2846,45,29061028,1027739919954,2846,044525494,1/1/2016,"?? ""???????"" ???","125009, ?. ??????, ?????? ?????????? ????????,  ?. 7, ???. 2",1,27
2849,45,29297570,1027700546895,2849,044525246,1/1/2016,"??? ""???????????????"" (???)","117105,  ?. ??????, ??????????????? ???., ?. 4?",1,27
2851,91,32708982,1021500000103,2851,049133849,1/1/2016,?2 ???? (??),"369000, ?????????-?????????? ??????????, ?. ????????, ??. ??????????????, ?. 2-?",1,23
2853,45,17668185,1027739199927,2853,044525683,1/1/2016,"??? ?? ""????????? ??????""","105005,  ?. ??????, ??. ??????????, ?. 54, ???. 1",1,31
2856,45,29298144,1027739371956,2856,044525861,1/1/2016,"??? ?? ""????????""","109012  ?. ??????, ???????????? ????????, ???. 4, ???????? 1,2",1,27
2859,45,40002380,1027739175056,2859,044583994,1/1/2016,"?? ""???????? ??????"" (???)","121170,  ?. ??????, ??. ????????, ?. 3, ???. 1",1,23
2860,63,26902728,1026400001770,2860,046311772,1/1/2016,"??? ""???? ""???????""","410017, ?.???????, ??.?????????????, 90",1,27
2863,45,29298210,1027744003100,2863,044525286,1/1/2016,"??? ?? ""????""","105062,  ?. ??????, ???????????? ????????, ?. 23, ???. 2",1,27
2867,45,29303313,1027739066354,2867,044525624,1/1/2016,"?? ""??????""","117420, ?. ??????, ??. ?????????, ?. 13 ?",1,27
2868,32,34781256,1024200001847,2868,043207793,1/1/2016,"??? ""??????????????"" (???)","650024, ??????????? ???????, ?.????????, ??. ???? ???????????, 12",1,23
2873,01,33992867,1022200528415,2873,040147781,1/1/2016,"??? ""???????? ????????-???????????? ????""","659322, ????????? ????, ?.?????, ??.????????????????, 1",1,23
2876,36,25293055,1027300000012,2876,043602842,1/1/2016,"??? ""???""","443010, ?. ??????, ????????? ?????, ??. ??????/??. ????????????, ?. 102/?.36",1,31
2877,45,29303075,1027739246490,2877,044525499,1/1/2016,"??? ?? ""?????????""","117292,  ?. ??????, ??. ????? ?????????, ??? 16",1,27
2879,45,29304028,1027700367507,2879,044525201,1/1/2016,"??? ??? ""????????""","115035,  ?. ??????, ??. ?????????????, ?.12, ???. 1",1,31
2880,46,34922679,1095000004252,2880,044525710,1/1/2016,"?? ?? ""??????????????""","140083, ?????????? ???????, ?. ?????????, 5-? ??????????, ??????? 2, ?. 13",1,31
2881,45,29351281,1037739058609,2881,044525409,1/1/2016,"""??????-????"" (???)","125190,  ?. ??????, ????????????? ????????, ?. 80, ?????? 16",1,31
2883,32,34777119,1024200002276,2883,043209706,1/1/2016,"""???-????"" ??","654041, ??????????? ???????, ?.???????????, ??.????????,31",1,27
2884,63,26896910,1026400001781,2884,046311766,1/1/2016,"?? ?? ""????????""","410028, ?.???????, ??.???????, 27",1,23
2888,45,33863779,1051664003511,2888,044525937,1/1/2016,"?? ""???? ????""","109240, ?. ??????, ??. ??????????? ???????, ??? 13, ???????? 3",1,31
2896,90,32708338,1021500000147,2896,049033746,1/1/2016,"??? ??? ""1????""","362040, ?????????? ???????? ??????-??????, ?.???????????, ??. ??????????????, 10",1,29
2897,45,40008023,1027739915796,2897,044525132,1/1/2016,"??? ?? ""????????????? ?????????????? ????""","127273,  ?. ??????, ???????????? ?????, ?.2?",1,23
2898,03,34995856,1022300000062,2898,040349745,1/1/2016,"?? ""????????? ????????????? ????"" (???)","350063, ?. ?????????, ??. ???????, 36",1,31
2900,36,21301875,1156300000141,2900,043606811,1/1/2016,"??? ""??????? ????""","446001, ????????? ???., ?.???????, ??.???????????, 79",1,23
2905,45,29299675,1027739881223,2905,044525196,1/1/2016,"""???? ???????????"" ???","121099,  ?. ??????, ???. ??????????????? 1-?, ?.6. ???. 1",1,31
2914,45,29351424,1027739554930,2914,044583551,1/1/2016,"??? ?? ""????????""","123317,  ?. ??????, ??. ??????????, ?. 10",1,23
2919,45,29065345,1027739224941,2919,044599245,1/1/2016,"?? ??? ""????????????""","115432, ?. ??????, ??. ?????????, ?. 2/1",1,31
2928,40,35493855,1027800011524,2928,044030892,1/1/2016,"?? ??? ""?????????? ???""","197046, ?????-?????????, ??. ????? ?????????, 16, ????? ?, ???.6?",1,31
2929,45,35385723,1027700074775,2929,044583769,1/1/2016,??? ???? (??),"121099, ?. ??????, 1-? ??????????????? ????????, ?. 6, ???. 1",1,27
2932,45,29065339,1027700128796,2932,044525852,1/1/2016,"?? ""???"" ???","123100,  ?. ??????,  ????????????????? ??????????, ?.2/1, ???.1",1,23
2937,45,29351358,1027739080852,2937,044583870,1/1/2016,"???? ""???"" (??)","105005,  ?. ??????, ??. ??????????, ?. 43/1, ???. 1",1,23
2938,45,29351542,1027744001878,2938,044525128,1/1/2016,"""?????? ????"" (??)","109240,  ?. ??????, ???????????? ??????????, ?. 7, ???. 2",1,23
2942,45,33774455,1020800758274,2942,044525179,1/1/2016,"??? ?? ""???""","105064, ?. ??????,????? ???????? ???, ?. 34?, ???????? 1",1,27
2944,46,18166936,1025000003830,2944,044583259,1/1/2016,"??? ""??????"", ???","141700, ?????????? ???., ?. ????????????, ??. ????????????, ?. 21",1,31
2948,60,35579427,1026100001938,2948,046015938,1/1/2016,"?? ??? ""??????-????""","344022, ?. ??????-??-????, ??. ??????? ???????, 188?",1,31
2949,52,35867089,1025500001328,2949,045279785,1/1/2016,"?? ""??????? ????""","644046, ?.????, ??. ??????? ??????, ??? ? 107",1,31
2956,45,29351447,1027739253520,2956,044525237,1/1/2016,"??? ""????????????????""","107078,  ?. ??????, ??.???????-?????????????, ?.6",1,31
2960,45,29351476,1027739736254,2960,044525805,1/1/2016,"??? ?? ""?????????? ??????""","119415,  ?. ??????, ??-? ???????????, ?.87, ????.2",1,23
2961,18,35994787,1023400000535,2961,041814815,1/1/2016,"??? ?? ""???????????? ????""","403343, ????????????? ???????, ?. ??????????, ??.???????, 44 ""?""",1,23
2964,75,34545900,1027400001727,2964,047501906,1/1/2016,"??? ""????????????""","454090, ?.?????????, ??.???????, 97",1,31
2982,40,35485784,1027800000348,2982,044030814,1/1/2016,"?? ""???????""","191186, ?????-?????????, ??. ???????????, 15",1,31
2983,45,40019305,1027739019527,2983,044525183,1/1/2016,???????????? ???,"115054,  ?. ??????, 3-? ?????????????? ???., ?.11, ???.1",1,31
2990,25,35627534,1023800000278,2990,042520872,1/1/2016,"?? ""???????????????"" (???)","664025, ????????? ???????, ?. ???????, ??. ??????, 18",1,23
2995,71,36260426,1028600003442,2995,047102658,1/1/2016,"?? ""????????????"" (???)","625000, ?. ??????, ??. ??????????, ??? 65",1,27
2996,45,40092236,1037739758022,2996,044583699,1/1/2016,"??? ""??????????????""","127422,  ?. ??????, ??. ?????????????, ??? 1",1,23
2997,75,36689974,1024200006434,2997,047501787,1/1/2016,"?? ""???????????""","454138, ?.?????????, ??.????????????????, 17?",1,31
2998,45,29306234,1027739504760,2998,044525460,1/1/2016,"??? ""?????????""","107078, ?. ??????, ??. ????????????, ?. 29, ???. 2",1,23
3000,45,29303613,1027739258271,3000,044525686,1/1/2016,"?? ""???????"" ???","123557, ?. ??????, ??. ??????????? ???, ?. 14, ???. 3",1,23
3001,05,35697262,1022500000566,3001,040507795,1/1/2016,"??? ??? ""????????""","690990, ?????????? ????, ?.???????????, ??.???????????, 47",1,27
3002,45,29305039,1027739068158,3002,044583656,1/1/2016,"??? ?? ""????? ???????""","115114. ?. ??????, ???????????? ??????????, ?. 11",1,23
3006,36,33549575,1026300005170,3006,043601878,1/1/2016,"??? ""?? ????""","443001, ?.??????, ??. ???????????, ?. 84",1,27
3010,45,29306151,1027739137810,3010,044583483,1/1/2016,"??? ?? ""?????????????""","115184,  ?. ??????, ??. ?????????, ?. 57, ???. 1",1,30
3011,45,40097897,1027739338175,3011,044525756,1/1/2016,"??? ""??????-???????"" (???)","105120,  ?. ??????, ??.?????? ???????????????, ?.1/4",1,23
3013,45,29304075,1027739067861,3013,044525984,1/1/2016,"?? ???? ""????????-???????""","105064, ?. ??????, ?????? ????????? ????????, ?. 5, ???????? 15",1,31
3015,60,34114169,1026100008373,3015,046015933,1/1/2016,"??? ""???""","344006, ?. ??????-??-????, ??. ??????????, 144-?",1,31
3016,45,40093098,1027739436955,3016,044583990,1/1/2016,"?? ""?????? ????""","125040,  ?. ??????, 3-? ??. ??????? ????, ?. 19, ???. 1",1,31
3017,45,40092851,1027739082931,3017,044525860,1/1/2016,"""??????????????? ????????? ??????"" ???","109004,  ?. ??????, ??.????????????, ?.13/14, ???.1",1,23
3027,45,40061721,1077711000091,3027,044525677,1/1/2016,"?? ""????????"" ??","123557,  ?. ??????, ??. ?????????? ???, ?.10, ???. 4",1,23
3028,45,40023710,1037700080164,3028,044525223,1/1/2016,"??? ?? ""????????????? ????????? ????""","129366, ?. ??????, ??. ???????????, ?. 8",1,31
3037,95,31901079,1021900002695,3037,049514720,1/1/2016,??? ????,"655017, ?????????? ???????, ?.??????, ??.?????????, 69",1,27
3038,40,39435553,1027800005199,3038,044030701,1/1/2016,"??? ""???? ???""","197101, ?????-?????????, ????????????? ???., ??? 36, ???. ?",1,31
3047,45,29304086,1027739203953,3047,044599957,1/1/2016,"?? ""???????????"" (??)","115583,  ?. ??????, ??.???????? ??????, ?.26",1,23
3048,45,29303788,1027700156560,3048,044583804,1/1/2016,"??? ""?????????????"" ???","127434, ?. ??????, ??????????? ?????, ?. 3, ????. 1",1,23
3052,45,29351625,1027739538694,3052,044525669,1/1/2016,"?? ""???????? ????""","127051, ?. ??????, ????? ??????????? ???????, ??? 12",1,31
3053,45,40152398,1087711000057,3053,044525680,1/1/2016,"?? ""????? ?????? ????""","129090,  ?. ??????, ???????? ????, ??? 16, ???????? 2",1,23
3058,92,33863839,1021600000036,3058,049205815,1/1/2016,"??? ""???????????""","420111, ?.??????, ??.?????????????, ?. 43/2",1,31
3061,45,34579715,1027739121651,3061,044525588,1/1/2016,???? ??? ?? ???? (??),"115035, ?. ??????, ??????????? ??????????, ??? 26",1,31
3065,45,40154919,1037700098215,3065,044525250,1/1/2016,"??? ""???"" (???)","115477, ?. ??????, ??. ??????????????, ?. 59 ?",1,31
3068,45,40099936,1037739226128,3068,044525292,1/1/2016,"?? ""???-??????"" (???)","121165,  ?. ??????, ??????????? ????????, ?.35/30",1,31
3073,45,29306211,1027739004809,3073,044525174,1/1/2016,"??? ""??? ????""","107078,  ?. ??????, ??. ?????????, ?.43, ???.2",1,31
3077,45,29306553,1027739043750,3077,044525413,1/1/2016,"""?????????????????"" (??)","119121,  ?. ??????, 2-? ?????????????? ????????, ?. 10",1,31
3085,63,33240417,1026400001836,3085,046311808,1/1/2016,"?? ??? ""????????-?????""","410002, ?.???????, ??.????????, 166/168",1,31
3089,45,33544005,1026300003168,3089,044525660,1/1/2016,"??? ""????"" (???)","109004, ?. ??????, ??. ????????????, ??? 40, ???. 1",1,31
3095,45,29307469,1027744003231,3095,044525453,1/1/2016,"?? ""?????-????"" ???","121059,  ?. ??????, ???????????? ??????????, ?.20?",1,23
3098,45,40100094,1027700159233,3098,044525253,1/1/2016,"?? ?? ""??????""","105066, ?. ??????, ?????????? ??????, ?. 3, ???. 2",1,31
3099,45,17866421,1037744005771,3099,044525257,1/1/2016,"?? ""???-????""","125009,  ?. ??????, ???????????? ???., ?.1, ???.1",1,23
3104,45,40103626,1037739057410,3104,044525239,1/1/2016,"??? ?? ""????????????""","125080, ?. ??????, ????????????? ?????, ??? 2",1,23
3116,45,29316994,1027739469746,3116,044583440,1/1/2016,"??? ?? ""???-??????""","109240,  ?. ??????, ??. ??????? ???????????, ?.18, ???.2",1,23
3117,45,29351677,1097711000100,3117,044583373,1/1/2016,"??? ""??????"" (??)","127006,  ?. ??????, ??. ??????????????????, ?.7",1,31
3122,45,40102868,1027739495794,3122,044583919,1/1/2016,"??? ""??????-?????"" (??)","105066,  ?. ??????, ??. ?????????????, ?. 4, ???. 1",1,23
3123,45,29351758,1077711000036,3123,044583328,1/1/2016,"?? ""???"" ???","119034,  ?. ??????, ??. ???????????, ?.36, ???.1",1,23
3124,45,29308428,1027739198200,3124,044525158,1/1/2016,"?? ""?? ????""","109004, ?. ??????, ??. ???????????????, ?. 20, ???. 2",1,31
3136,60,34111455,1026100002565,3136,046013946,1/1/2016,"??? ""????????????""","347900, ?????????? ???????, ?.????????, ??. ?????????, 71",1,23
3137,45,40198845,1027739326757,3137,044525836,1/1/2016,"??? ""???????????"" (??)","119991, ?. ??????, ??. ????????, ?. 24",1,31
3138,45,29318786,1027739098639,3138,044525464,1/1/2016,"?? ""???? ?????????""","123001,  ?. ??????, ??. ????????????,  ?. 27/24",1,27
3139,45,29318579,1027739515781,3139,044525456,1/1/2016,"??? ""????? ????????? ????"" (??)","107140,  ?. ??????, ??. ???????????, ?. 4",1,23
3161,65,36425689,1026600000074,3161,046577904,1/1/2016,"??? ""???? ""????????????""","620014, ?. ????????????, ??. 8 ?????, 13",1,27
3163,45,29314653,1027739253794,3163,044525387,1/1/2016,"?? ""??????"" ???","115184, ?. ??????, ??. ??????? ?????????, ?. 38/1, ???????? 1",1,27
3166,50,53160873,1025400002968,3166-?,045004832,1/1/2016,"???? ""????????? ?????"" (???)","630102, ????? ???????????, ????? ??????, ??? 86",1,23
3171,45,29351915,1027739326911,3171,044525791,1/1/2016,"?? ""??????????????? ???????? ????"" ???","105066,  ?. ??????, ??. ?????? ?????????, ??? 22",1,23
3172,45,40204899,1027739223687,3172,044525476,1/1/2016,"??? ""??????????""","119146,  ?. ??????, 1-? ??????????? ??., ?.5",1,23
3173,03,12815693,1020500003919,3173,040349909,1/1/2016,"??? ?? ""???????????""","350000, ?. ?????????, ??????????? ?????, ??. ??????????/??. ?????????????, ??? ? 61/42",1,23
3175,45,40199908,1027739339715,3175,044583349,1/1/2016,"?? ?? ""?? ????""","107031, ?. ??????, ??????????? ???., ?. 7",1,23
3176,40,39464738,1027800001570,3176,044030705,1/1/2016,"??? ""??????????????""","197101, ?????-?????????, ??. ?????????, ??? 1, ?????? ?",1,31
3177,45,29351921,1027739223775,3177,044583381,1/1/2016,"??? ?? ""????????""","107078,  ?. ??????, ??. ????? ?????????, ?. 22/2, ???????? 5,6,7",1,23
3180,28,31596179,1026900000050,3180,042809790,1/1/2016,"?? ???? ""???""","170100, ?. ?????, ??-? ???????????, 1, ???.2",1,31
3181,45,40107127,1027739409170,3181,044525546,1/1/2016,"??? ?? ""????""","111020,  ?. ??????, ??. ???????????? ???, ?.16/2",1,23
3183,45,40287402,1037739700613,3183,044525333,1/1/2016,"??? ""???? ????""","109012,  ?. ??????, ??. ???????, ?. 4, ????????? 7-15, 67-69",1,23
3184,07,43357824,1020500002093,3184,040708744,1/1/2016,"?? ""????????????"" ???","357433, ?????????????? ????, ?. ????????????, ???. ??????????, ??. ????????, 209",1,23
3185,45,29313754,1037739028678,3185,044525265,1/1/2016,"??? ?? ""??-????""","119049,  ?. ??????, ??.???????, ?.13, ???.1",1,23
3186,60,40510544,1026100007119,3186,046015961,1/1/2016,"??? ?? ""?????? ????????""","344002, ?. ??????-??-????, ??. ?. ????????, 92/63",1,23
3194,40,39461800,1027800000095,3194,044030702,1/1/2016,"?? ""???? ?????? ????""","191187, ?. ?????-?????????, ??. ?????????, ?.2/4, ????? ?",1,31
3195,45,29313659,1037700051883,3195,044525284,1/1/2016,"?? ""????-????"" ???","115487,  ?. ??????, ??. ???????????, ?. 22, ????. 1",1,23
3200,45,23329205,1140700000682,3200,048327723,1/1/2016,"?? ""????????????"" (???)","127083, ?. ??????, ??. ??????? ????????, ?. 18 ?, ???????? 9",1,23
3202,18,39320436,1023400000018,3202,041806831,1/1/2016,??? ?????????,"400005, ?.?????????, ??.7-? ???????????,2",1,23
3203,40,39485686,1027800001976,3203,044030860,1/1/2016,"?? ??? ""?????????""","190068, ?????-?????????, ??. ?.???????????, 19, ???. ?",1,23
3204,45,29318349,1027739091280,3204,044583120,1/1/2016,"?? ""???????????"" (???)","101990,  ?. ??????, ??. ?????????, ??? 35, ???????? 2",1,23
3206,45,40654823,1021600000498,3206,044583749,1/1/2016,"""??????? ????"" (??)","105120, ?. ??????, ???. ??????????????? ?., ?. 12",1,31
3207,45,29317321,1027739295968,3207,044599610,1/1/2016,"?? ""????-????""","101000, ?. ??????, ??. ?????????, ??? 42/2, ???????? 2",1,27
3209,46,34904598,1035000002828,3209,044583593,1/1/2016,"?? ??? ""???-????""","142005, ?????????? ???????, ?. ??????????, ??. ?????????, ?. 19",1,23
3214,45,29317806,1027700022570,3214,044583821,1/1/2016,"??? ""????"" (??)","127106, ?. ??????, ??. ???????????, ?. 4, ???. 9",1,23
3223,63,34183785,1026400001870,3223,046322801,1/1/2016,"??? ""????????????""","410052, ?.???????, ??-? 50 ??? ???????, 118?",1,27
3224,45,29319716,1137711000096,3224,044525247,1/1/2016,"???? ""???"" (???)","121069,  ?. ??????, ??.?????????, ?.23, ???.4",1,23
3231,45,40134041,1027700156164,3231,044525709,1/1/2016,"??? ?? ""???""","127549,  ?. ??????, ??. ????????, ?. 8, ????. 2",1,23
3233,45,29320286,1027739691011,3233,044525995,1/1/2016,"??? ??? ""?????""","123022,  ?. ??????, ???. ?????????, ?. 3, ????. 3",1,23
3235,40,32838957,1027800000910,3235,044030747,1/1/2016,"??? ""??? ????""","195009, ?. ?????-?????????, ??. ?????????, ?.11",1,23
3236,45,42809477,1027739051383,3236,044525553,1/1/2016,"??? ?? ""???????""","107014,  ?. ??????, ????? ??????????, ??? 6",1,26
3242,45,29321771,1027739043342,3242-?,044525696,1/1/2016,"??? ""???"" (???)","125252, ?. ??????, ?????? ????????? ????, ?. 12",1,23
3245,40,41028826,1022400003944,3245,044030757,1/1/2016,"??? ???? ""????""","196084, ?. ?????-?????????, ??. ????????????, 8, ???. ?, ???. 1-?",1,31
3247,45,29323630,1027739045124,3247,044525800,1/1/2016,"??? ???? ""??????-????""","115114,  ?. ??????, 2-? ????????????? ????????, ?. 7",1,27
3250,45,29323043,1027739024642,3250,044525295,1/1/2016,"??? ""????-????"" (???)","127051, ?. ??????, ??. ??????? ????????, ?.20, ???.1",1,23
3251,45,40148344,1027739019142,3251,044525555,1/1/2016,"??? ""?????????????""","109052,  ?. ??????, ??.???????????, ?.10, ???.22",1,31
3252,29,40696454,1024000000210,3252,042908701,1/1/2016,"??? ""?????????????""","248030, ?. ??????, ??. ?????????, 4",1,31
3255,45,29325987,1027739056927,3255,044525272,1/1/2016,??? ???? ?????,"129110, ??????, ?????? ???., ?.9",1,31
3256,45,40133354,1037739634206,3256,044525304,1/1/2016,"??? ?? ""???????""","127055,  ?. ??????, ??. ??????????????, ?. 20",1,23
3257,45,40128187,1027739254036,3257,044525747,1/1/2016,"???? ""???????-????"" ???","125047,  ?. ??????, ??. 1-? ?????????  ?.22",1,23
3261,45,40133419,1027700514049,3261,044525455,1/1/2016,"??? ""????????????""","119991,  ?. ??????, ????????????? ????????, ?. 42, ???????? 1",1,31
3262,61,39063330,1026200007855,3262,046126790,1/1/2016,"??? ???? ""???????????""","390000, ?. ??????, ???????????? ????????, ?.14",1,31
3265,97,35959503,1022100000317,3265,049706723,1/1/2016,"??? ?? ""?????????""","428032, ????????? ??????????-???????, ?.?????????, ??.???????????, ??? 23",1,31
3266,45,40354914,1027739033013,3266,044525126,1/1/2016,"?? ?? ""?????????????""","119019,  ?. ??????, ??????????? ?-?, ??? 9, ???. 1",1,31
3269,53,36392180,1025600002230,3269,045354885,1/1/2016,"??? ""???? ????????""","460024, ???????????? ???????, ?. ????????, ??. ??????? ?.?.??????, 25",1,27
3270,45,42771875,1027739059710,3270,044525242,1/1/2016,"?? ""????-????"" (???)","105118, ?. ??????, ???????? ?????????, ?. 32 ""?""",1,31
3271,33,41442454,1024300000097,3271,043304757,1/1/2016,"??? ""?????? ????????????""","610006, ?.?????, ??????????? ????????, ?. 24",1,31
3273,45,42771527,1037739162779,3273,044525193,1/1/2016,"(??? ""????????? ????"")","123104,  ?. ??????, ??????????????? ????????, ?. 17, ???. 1",1,23
3275,45,42947989,1027739041406,3275,044525347,1/1/2016,"?? ""??????? ???? - ??????"" (??)","123317,  ?. ??????, ??????????? ??????????, ?. 8, ???. 1",1,23
3278,54,41684074,1025700000578,3278,045402719,1/1/2016,"???? ""?????"" (???)","302030, ?. ????, ??. ??????????, 29",1,23
3279,45,43433198,1027800000480,3279,044525635,1/1/2016,"???? ""?????"" (???)","105066, ?. ??????, ??. ?????????????, ??? 5, ???. 1",1,31
3283,45,42479376,1027400000858,3283,044583637,1/1/2016,"??? ""???-????""","119017, ?. ??????, ??. ????? ???????, ?. 20, ???. 1",1,23
3287,45,42881635,1027739186914,3287,044525880,1/1/2016,"???? ""????"" (??)","129594,  ?. ??????, ????????? ???, ??? 65, ????.1",1,31
3288,40,44277665,1037858008506,3288,044030741,1/1/2016,"??? ?? ""?????????? ???????""","190121, ?. ?????-?????????, ??.???????, ??? 121, ????? ?",1,31
3290,45,40449715,1027739139075,3290,044525351,1/1/2016,"??? ""???-??-??-?? ???? (??)""","115054, ?. ??????, ?????????? ???????, ??? 2, ???????? 2",1,23
3291,45,42949184,1027739125303,3291,044525300,1/1/2016,"""??? ????""","119454, ?. ??????, ??. ????????????, ?. 27",1,31
3292,45,42943661,1027739326449,3292,044525700,1/1/2016,"?? ""??????????????""","129090,  ?. ??????, ??.????????, ?.17, ???. 1",1,27
3293,45,44999855,1027739671288,3293,044525674,1/1/2016,"""?????????????????"" (???)","105064, ?. ??????, ????? ???????? ???., ?.14, ???.1",1,23
3294,45,42949474,1027739132563,3294-?,044583505,1/1/2016,??? ??? ???,"105066, ?. ??????, ??. ?????????????, ?. 12",1,23
3295,45,44998074,1037739768604,3295,044583506,1/1/2016,"??? ?? ""???""","125057, ?.??????, ?????????? ???., ?.3",1,31
3296,45,42948629,1037739447350,3296,044525203,1/1/2016,"??? ""??? ???"" (??)","127473,  ?. ??????, ????? ????????????, ??? 15 ?, ???????? 1",1,23
3298,90,44618965,1021500000730,3298,049033758,1/1/2016,"??? ""???"" (???)","362025, ?????????? ???????? ?????? - ?????? , ?.???????????, ??. ??????,24",1,23
3300,36,36727054,1025200001661,3300,043601742,1/1/2016,"?? ""???????-????""","443100, ?. ??????, ??. ???????????, ?. 14",1,23
3303,45,45069294,1027739278973,3303,044525234,1/1/2016,????-?????? ???? (??),"119180, ?. ??????, 2-? ??????? ???., ?. 3, ???. 1",1,23
3304,45,45079186,1027739445337,3304-?,044583497,1/1/2016,"??? ?? ""?????""","127015, ?. ??????, ??. ?????????, ?. 77",1,27
3306,40,45549516,1027800000931,3306-?,044030505,1/1/2016,??? ???,"191023, ?.?????-?????????, ??.???????, 12/23",1,27
3307,40,44400887,1022900002113,3307,044030888,1/1/2016,"?? ""?????? ????""","191119, ?. ?????-?????????, ??. ??????, 69-71, ????? ?",1,27
3309,40,45563692,1027800000678,3309-?,044030301,1/1/2016,"??? ""21 ???"" (???)","197110, ?????-?????????, ???????? ??????????, ??? 40, ?????? ?, ????????? 26-?",1,23
3311,45,46360991,1037739326063,3311,044525767,1/1/2016,"?? ""?????? ?????? ????""","129090, ?. ??????, ??????????? ????????, ??? 14",1,31
3312,45,47311664,1027739267896,3312,044525873,1/1/2016,"??? ""???????"" (???)","115419,  ?. ??????, ????????????, ?.11, ???.44",1,31
3314,45,17313051,1027739020726,3314-?,044583133,1/1/2016,"?? ??? ""???????????????""","123557,  ?. ??????, ????????????? ???., ?.3/10, ???.1",3,184
3318,70,24644469,1027100000311,3318-?,047003303,1/1/2016,"??? ??? ""???"" (??)","300026, ???????? ???????, ?.????, ??. ??????, 102, ???.4",1,23
3324,36,43957381,1026300001859,3324-?,043601592,1/1/2016,??? ?? ???? ??,"443011, ?. ??????, ??????????? ?????, ??.????????? ?????, ?.238 ""?""",1,23
3328,45,18427242,1027739369041,3328,044525101,1/1/2016,"??? ""????? ????""","115035, ?. ??????, ??. ?????????????, ?. 82, ???. 2",1,23
3329,34,48362103,1024000002806,3329,043469564,1/1/2016,"??? ???? ""????""","156000, ??????????? ???????, ?. ????????, ???????? ?????????????, ?. 46",1,23
3330,45,18511570,1027739453390,3330,044525102,1/1/2016,"?? ""????????? ??????""","123022,  ?. ??????, ??. 2-? ??????????????, ?. 13, ???. 42",1,23
3332,92,48701812,1021600000861,3332-?,049205201,1/1/2016,"?? ??? ""??????? ????????? ??????""","420111, ?.??????, ??. ?.??????, ?.5, ??.28,32",1,27
3333,45,18680159,1027739070259,3333,044525105,1/1/2016,"??? ""??????????? (???????)""","119017,  ?. ??????, ??????????? ??????????, ?. 14/2",1,23
3338,45,18866059,1027739051988,3338,044525110,1/1/2016,"?? ""?? ????????????""","125009,  ?. ??????, ??. ???????????, ?.4/7, ???.2",1,24
3339,03,51350428,1022300000580,3339,040349981,1/1/2016,"?? ""?? ?? ?? ????""","350015, ?. ?????????, ??????????? ?????, ??. ????????/??.??????????, ??? ?400/170",1,27
3340,45,18933034,1027739108649,3340,044525108,1/1/2016,"?? ""??? ????""","115035,  ?. ??????, ??. ?????????????, ?. 79",1,23
3341,47,48209382,1035100260579,3341-?,044705301,1/1/2016,"??? ??? ""?????????? ????????? ?????""","183071, ?. ????????, ??. ??????????, 21",1,31
3342,45,18992812,1027739479987,3342-?,044583103,1/1/2016,"??? ""???"" (??)","107078,  ?. ??????, ??. ???? ??????????, ?. 7, ???????? ?",1,23
3343,45,52597125,1037711004011,3343-?,044525554,1/1/2016,"??? ??? ""???""","119019, ?. ??????, ??. ????????, ?.18/2",1,23
3344,45,52597303,1027739051130,3344,044525231,1/1/2016,"?? ""???"" (??)","107045, ?. ??????, ??????????? ????????, ??? 4, ???. 1",1,31
3349,45,52750822,1027700342890,3349,044525111,1/1/2016,"?? ""??????????????""","119034, ?. ??????, ??????????? ???., ?.3",1,27
3350,45,52812115,1037739365487,3350,044583138,1/1/2016,"??? ?? ""????????? ???""","115093, ?. ??????, 1-? ?????????? ????????, ?.3",1,23
3351,45,54949060,1027739051757,3351,044599799,1/1/2016,"?? ""??? ????""","105082, ?. ??????, ??????????????? ???., ?. 13, ???. 4",1,23
3353,45,56492624,1037739751224,3353-?,044525170,1/1/2016,"??? ??? ""???-??????""","121099, ?. ??????, ???????????? ????????, ?. 3",1,23
3354,45,55000731,1027739586291,3354,044599409,1/1/2016,"?? ""????????? ??????"" (???)","115114, ?. ??????, ??. ?????????????, ?. 14",1,27
3357,45,55001127,1027700493589,3357,044583898,1/1/2016,"??? ?? ""????????????????""","115172, ?. ??????, ??. ?????????, ?. 38, ???. 2",1,23
3360,03,55951900,1022300000029,3360,040349516,1/1/2016,"??? ""??????????????""","350063, ????????????? ????, ????? ?????????, ?????  ????,  ??? 34",1,23
3365,45,56641478,1107711000066,3365,044599951,1/1/2016,"?? ""??????????????"" (??)","125284, ?. ??????, ??. ???????, ?. 3, ???. 1, ??. 22",1,31
3368,45,56657657,1097711000078,3368,044583503,1/1/2016,"?? ""??? ????""","115035, ?. ??????, ??. ?????????????, ?. 71, ???. 11",1,31
3371,45,56658214,1037700111679,3371-?,044583290,1/1/2016,"??? ??? ""??????""","125190, ?. ??????, ??. ????????, ?. 20, ????. 2",1,31
3373,45,56657746,1037739295736,3373,044599993,1/1/2016,"""?????? ????"" (???)","123154, ?.??????, ???????? ??????? ??????, ?. 51",1,27
3378,45,17023028,1027700406733,3378,044599810,1/1/2016,"""????????????? ????"" (???)","123317, ?. ??????, ??????????? ??????????, ??? 8, ???????? 1",1,31
3379,45,17024499,1027739553753,3379,044525435,1/1/2016,"?? ""???????"" (???)","105118, ?. ??????, ??. ???????, ?.13",1,27
3380,70,,1027100002687,3380,047003710,1/1/2016,"?? ""???????? ????????? ?????"" (??)","300034, ?.????,  ??. ??????????, 12-?",1,31
3388,45,58127892,1087711000013,3388,044583848,1/1/2016,"?? ""???? ?????????""","121151, ?. ??????, ?????????? ?????? ????????, ?. 23 ""?""",1,23
3390,45,58221378,1037739058180,3390,044525512,1/1/2016,"""???????? ???? ??""","127051, ?. ??????, ??????? ???????, ??? 2, ??????? ""?"", ???? 4",1,23
3393,45,52512494,1020700000310,3393,044525479,1/1/2016,"?? ""????-??????"" (???)","115172, ?. ??????, ??. ????? ?????????, ?. 10",1,23
3395,45,58222359,1027739877857,3395,044525502,1/1/2016,"""???? ""???-??????"" ???","125009, ?. ??????, ??. ????????, ?. 6, ???. 2",1,31
3396,45,,1027739669726,3396,044525184,1/1/2016,"?? ""?? ????""","105062, ?. ??????, ??. ???????, ?. 9/1",1,23
3397,45,58459758,1027739066739,3397,044583711,1/1/2016,"?? ""????"" (???)","119296, ?. ??????, ????????????? ????????, ?. 18",1,23
3398,45,58412523,1027700051390,3398,044583521,1/1/2016,"??? ""?????????????""","123001, ?. ??????, ????????? ????????, ?. 5, ???.1",1,23
3401,36,59327375,1026300001947,3401,043678783,1/1/2016,"?? ""???-????"" (???)","445054, ????????? ???., ?.????????, ??.????, 135",1,27
3403,45,,1027739028855,3403,044525466,1/1/2016,"??? ?? ""??????????""","107140, ?. ??????, ??. ??????? ??????????????, ??? 11 ?, ???????? 1",1,23
3407,45,,1027700045780,3407,044525185,1/1/2016,"""??? ?????? ????"" ??","125047, ?. ??????, ??. ??????, ?. 5",1,23
3408,45,58248093,1025000006459,3408,044583746,1/1/2016,"?? ""?????????""","111024, ?. ??????, ??. ????????????????, ?. 46 ""?""",1,31
3413,45,,1027600000251,3413,044599604,1/1/2016,"?? ""???"" (???)","119049, ?.??????, ????????? ?????., ?. 11, ???.3",1,27
3415,45,59012984,1027739312589,3415,044583782,1/1/2016,"??? ""???? ???""","115184, ?. ??????, ??. ????? ???????, ?. 35, ???. 1, ??????? 2",1,23
3416,45,59056622,1027739042143,3416,044583488,1/1/2016,"??? ""???????????""","127473, ?. ??????, 1-?? ?????????? ????????, ??? 13",1,23
3417,45,59055502,1027700047715,3417,044525517,1/1/2016,"?? ""????? ???"" (???)","115093, ?. ??????, ??. ?????, ?. 4, ???. 1",1,23
3420,45,59126802,1027744001438,3420-?,044583475,1/1/2016,"?? ??? ""??????? ???""","115093, ?. ??????, ????? ??????? ????????????, ??? 31, ?????? 14",1,23
3421,45,,1157700006650,3421,044525498,1/1/2016,"?? ???? ""???????????? ????????""","115093, ?. ??????, ????????? ???., ?. 1, ????.57, ???.2, 3",1,23
3422,45,59718514,1027744002989,3422,044583653,1/1/2016,"""???????????"" (??)","123056, ?. ??????, ????? ????????? ????????, ??? 23, ???. 1",1,31
3423,45,,1027744004617,3423,044525597,1/1/2016,"""????????? ????"" (???)","129090, ?. ??????, ?????????????? ????????, ??? 19, ???????? 10",1,29
3427,45,,1027744004903,3427-?,044525561,1/1/2016,"??? ""??????? ?????????? ????????"" (???)","117418, ?. ??????, ??. ??????????, ?.36",1,23
3430,40,,1027800015209,3430-?,044030304,1/1/2016,"??? ??? ??? ""??????????? ???""","192029, ?. ?????-?????????, ??. ????? ?????????,  ?. 11, ????? ?, ????????? 2?, ??????? 3",1,23
3431,45,,1027744007246,3431,044525320,1/1/2016,"?? ""??????-? ????""","119180, ?. ??????, ??. ??????? ???????, ?. 19, ???. 1",1,31
3433,45,14244869,1037711002284,3433,044525248,1/1/2016,"??? ?? ""???? ??????""","115280,  ?. ??????, ??. ?????????????, ?. 5",1,23
3434,45,14284024,1097711000122,3434,044525538,1/1/2016,"""???????"" (??)","127055, ??????, ?????????? ???., ?. 5, ???. 1",1,23
3436,45,70140300,1037711002339,3436,044583727,1/1/2016,"??? ""?????? ?????????? ????""","115280, ?. ??????, ??. ????????? ???????, ?. 19, ???????? 1",1,31
3437,45,70130365,1067711005185,3437,044583736,1/1/2016,???? ??? (??),"115114, ?. ??????, ??. ?????????????, ??? 14",1,27
3439,45,70171631,1037711005045,3439,044525188,1/1/2016,"?? ""??-????"" (???)","109544, ?. ??????, ????? ????????? ???, ??? 6, ????. 2",1,23
3441,45,70170324,1037711005804,3441,044599339,1/1/2016,"?? ""???"" (??)","107045, ?. ??????, ?????????? ???????, ?.7/1/8, ???.3",1,27
3443,45,17534421,1037711007773,3443,044583616,1/1/2016,"??? ?? ""?????? ??""","125124, ?.??????, 1-?? ??.??????? ????, ?.19, ???.1",1,23
3446,45,,1037711012998,3446,044525500,1/1/2016,"""???????????? ???? ????"" ???","109147, ?. ??????, ???????????? ??., ?. 16",1,23
3447,45,72047912,1107711000011,3447-?,044525276,1/1/2016,"???? ""???"" ??","121596, ?. ??????, ??. ?????????, ?. 2, ???. 204, ??. ?205",1,23
3450,45,72049182,1087711000046,3450,044525451,1/1/2016,"???? ""???? ??????"" (??)","125047, ?. ??????, ??. ??????, ?. 12, ???. 1",1,31
3452,45,77318103,1057711000820,3452,044525115,1/1/2016,"?? ""????????????"" (???)","107076, ?. ??????, ???. ??????????, ?. 2?, ???. 1",1,31
3454,45,,1057711003569,3454-?,044583934,1/1/2016,"??? ""????????"" (??)","105005, ?.??????, ???. ????????? ????????, ?. 15, ????. 22",1,23
3456,45,,1057711007023,3456,044525277,1/1/2016,"??? ""?????? ?????? ????""","125047, ?. ??????, 1-? ????????-?????? ??., ?. 21",1,23
3457,22,77816597,1055200015408,3457,042202720,1/1/2016,"?? ""????? ????""","603000, ?. ?????? ????????, ??. ??????? ????????, ?.117",1,27
3460,45,,1057711014800,3460,044525717,1/1/2016,"??? ""???????? ???????? ????""","119048, ?. ??????, ??. ???????, ?. 33, ???. 1",1,23
3461,36,93583023,1066300000260,3461,043601927,1/1/2016,"??? ""?????????""","443100, ?. ??????, ??????????? ?-?, ??. ????-???????/??. ????????????, ?.3/?.27",1,23
3463,45,,1067711001863,3463,044525733,1/1/2016,"??? ""? ?? ?? ????""","115054, ?. ??????, ?????????? ??., ?. 2, ???. 2, 11 ??.",1,23
3466,45,96537839,1067711004481,3466,044525734,1/1/2016,???? ??? (??),"125009, ?. ??????, ??????? ?????????? ???., ?. 13",1,23
3467,45,,1067711004437,3467,044525550,1/1/2016,"?? ?? ""????????""","127083, ?. ??????, ??. ??????? ????????, ?. 20, ???. 2",1,31
3468,40,98620556,1077800000167,3468,044030820,1/1/2016,?????-????????????? ???? ?????????? (??),"197101, ?. ?????-?????????, ??. ??????? ????????, ??? 16, ?????? 30, ????? ?",1,23
3470,45,80858748,1077711000058,3470,044525630,1/1/2016,"?? ""?????? ????""","109028, ?. ??????, ??????????????? ???., ??? 29",1,23
3472,19,,1073500001640,3472-?,041909708,1/1/2016,"??? ""????????????"" (???)","160000, ?. ???????, ??. ?????????, ?.49",1,23
3473,45,82472585,1077711000113,3473,044525159,1/1/2016,"""????????-???? ???? ???"" ???","125167, ?. ??????, ????????????? ????????, ?. 39 ?",1,23
3475,45,,1077711000157,3475,044525551,1/1/2016,???????? ???? (??),"109028, ?. ??????, ??????????????? ???., ?. 29",1,23
3476,45,84741167,1077711000179,3476,044525618,1/1/2016,"??? ""?????"" ???","115093, ?. ??????, ??. ?????, ?. 2",1,23
3479,45,84074239,1077711000190,3479,044525163,1/1/2016,"??? ""??? ????""","121099, ?. ??????, ????????? ???????, ??? 8",1,23
3480,45,84844298,1077711000201,3480,044525878,1/1/2016,"??? ""???? ???-??????""","123100, ?. ??????, ?????? ??????????, ?. 3, ???????? 3",1,23
3481,45,86555411,1087711000024,3481,044525339,1/1/2016,"??? ""???? ??? ?????? ???""","101000, ?. ??????, ???????????? ???????, ?. 17, ???. 1",1,23
3482,45,,1085000001998,3482,044583770,1/1/2016,"""??? ????"" ???","125212, ?. ??????, ????????????? ?????, ??? 39?, ???????? 1",1,23
3483,04,,1082400001078,3483-?,040407686,1/1/2016,??? ???????????? ??????? ????????? ????? ???,"660017, ?. ??????????, ??. ???????, ?. 3, ???? 333",1,31
3484,45,,1085000003582,3484,044583421,1/1/2016,"?? ""???"" (???)","105005, ?. ??????, ????? ??????????, ??? 21",1,23
3486,45,,1087711000079,3486-?,044583555,1/1/2016,"??? ""??????"" (???)","115201, ?. ??????, ??. ????????????, ?. 3, ???. 1",1,23
3490,45,,1087711000112,3490,044525340,1/1/2016,"??? ""??????? ???? ????""","125047, ?. ??????, ??. ??????, ?. 6",1,23
3492,45,,1087711000134,3492,044599115,1/1/2016,"?? ""????? ?????"" (???)","109028, ?. ??????, ??. ????????? ????, ?. 5",1,27
3494,45,,1097711000045,3494,044525470,1/1/2016,"?? ""????? ????""","123317, ?. ??????, ??????????? ??????????, ?. 10",1,23
3495,03,,1092300001310,3495,040349830,1/1/2016,"?? ""??? ????""","350080, ?. ?????????, ??. ?????????, 95",1,27
3499,45,,1097711000111,3499,044525834,1/1/2016,"???????????? ???? ""???"" (???)","121099, ?. ??????, ?????? ????????, ?. 3, ???. 1",1,27
3500,45,66957372,1107711000044,3500,044525619,1/1/2016,"??? ""??????????? ???? ???""","117485, ?. ??????, ??. ????????, ?. 30/1, ???. 1",1,31
3502,45,91199668,1113600000580,3502-?,044583388,1/1/2016,"?? ???? ""??""","115419, ?. ??????, ??. ????????????, ?.5, ????. 2",1,31
3504,40,,1117800013286,3504,044030894,1/1/2016,"?? ""???-????""","191015, ?. ?????-?????????, ????????????? ??????????, ?. 4, ???. ?., ???. 41?. ? ???.94?.",1,27
3505,41,,1124700000160,3505,044106888,1/1/2016,"??? ""???? ??????""","187015, ????????????? ???????, ?????????? ?????, ?.?. ??????? ???, ??. ????????????, ?. 3, ???.II",1,23
3506,52,37596269,1125000001257,3506,045209875,1/1/2016,"""?????? ???????????? ????"" (???)","644043, ?.????, ??.??????, ?.1, ????.4",1,23
3507,19,,1123500000216,3507,041909707,1/1/2016,"""??????????????"" ??","160009, ?. ???????, ??. ????????, ?.52.",1,23
3508,88,,1121200000316,3508-?,048860734,1/1/2016,"??? ""??????.??"" (???)","424000, ?. ??????-???, ??. ??????, ?. 2, ???????? ""?""",3,184
3509,45,,1127711000020,3509-?,044525313,1/1/2016,"??? ""???"" (???)","117393, ?. ??????, ??. ???????????, ??? 56 (???? 11)",2,65
3510,45,,1127711000031,3510-?,044525444,1/1/2016,"??? ??? ""??????.??????""","119021, ?. ??????, ??. ?????? ??????, ?. 11, ???. 44",1,31
3511,45,,1127711000042,3511-?,044583701,1/1/2016,"??? ??? ""??????.????.??""","125167, ?. ??????, ????????????? ????????, ?. 39, ???. 79",3,132
3512,45,,1127711000053,3512-?,044525706,1/1/2016,"??? ??? ""?????? ?????""","121596, ?. ??????, ??. ?????????, ?. 2, ???. 204",2,65
3514,45,,1137711000019,3514-?,044599200,1/1/2016,"??? ""???????"" (???)","107023, ?. ??????, ??????? ???., ?. 14, ???. 8",3,131
3515,45,,1137711000030,3515,044525777,1/1/2016,"??? ""????? ?????????? ????""","101000, ?. ??????, ??. ?????????, ?. 11/1, ???. 1",1,23
3516,45,,1137711000020,3516,044525127,1/1/2016,"??? ""???? ????""","129090, ?. ??????, ??????????? ????????, ??? 14 (3 ????)",1,23
3517,45,,1137711000041,3517-?,044525303,1/1/2016,"??? ??? ""?????? ??""","125047, ?. ??????, ??. ????????? ???, ?. 10",2,65
3519,46,,1135000001652,3519,044525766,1/1/2016,"??? ""????? ????""","141400, ?????????? ???????, ?. ?????, ??. ?????????????, ???????? 39, ???. 6, ??????-???? ""?????""",1,31
3524,45,,1147711000018,3524-?,044583722,1/1/2016,"??? ??? ""???""","127055, ?. ??????, ??. ?????????, ??? 14",1,23
3525,45,,1147711000030,3525,044525808,1/1/2016,"??? ""??? ???? ???""","123317, ?. ??????, ??. ??????????, ?.10",1,23
3529,45,,1147711000051,3529,044525673,1/1/2016,"??? ""????????????????""","125047, ?. ??????, ??. ??????, ?. 5",1,27
